"","chr","POS"
"1","chr1","27027"
"2","chr1","27031"
"3","chr1","27035"
"4","chr1","27036"
"5","chr1","27044"
"6","chr1","27060"
"7","chr1","27063"
"8","chr1","27072"
"9","chr1","27075"
"10","chr1","27080"
"11","chr1","27081"
"12","chr1","27084"
"13","chr1","27090"
"14","chr1","27099"
"15","chr1","27105"
"16","chr1","27126"
"17","chr1","27129"
"18","chr1","30796"
"19","chr1","198851"
"20","chr1","198856"
"21","chr1","198861"
"22","chr1","198863"
"23","chr1","198864"
"24","chr1","198865"
"25","chr1","198867"
"26","chr1","198874"
"27","chr1","198877"
"28","chr1","198880"
"29","chr1","204176"
"30","chr1","204178"
"31","chr1","204186"
"32","chr1","204188"
"33","chr1","204194"
"34","chr1","204195"
"35","chr1","204197"
"36","chr1","204200"
"37","chr1","205757"
"38","chr1","205760"
"39","chr1","205877"
"40","chr1","205883"
"41","chr1","205886"
"42","chr1","205892"
"43","chr1","205901"
"44","chr1","206278"
"45","chr1","206360"
"46","chr1","206363"
"47","chr1","206375"
"48","chr1","207683"
"49","chr1","219010"
"50","chr1","223149"
"51","chr1","223325"
"52","chr1","223338"
"53","chr1","223359"
"54","chr1","223372"
"55","chr1","223391"
"56","chr1","223407"
"57","chr1","223468"
"58","chr1","223565"
"59","chr1","223566"
"60","chr1","226704"
"61","chr2","30048"
"62","chr2","30848"
"63","chr2","112395"
"64","chr2","167998"
"65","chr2","258757"
"66","chr2","258758"
"67","chr2","258767"
"68","chr2","258778"
"69","chr2","266209"
"70","chr2","299270"
"71","chr2","634214"
"72","chr2","643866"
"73","chr2","783212"
"74","chr2","783400"
"75","chr3","198937"
"76","chr3","265691"
"77","chr3","270029"
"78","chr3","288718"
"79","chr3","307443"
"80","chr4","1831"
"81","chr4","2584"
"82","chr4","2854"
"83","chr4","2871"
"84","chr4","18325"
"85","chr4","18333"
"86","chr4","58214"
"87","chr4","103015"
"88","chr4","143605"
"89","chr4","157116"
"90","chr4","233168"
"91","chr4","359447"
"92","chr4","359781"
"93","chr4","384189"
"94","chr4","384191"
"95","chr4","384197"
"96","chr4","384221"
"97","chr4","384256"
"98","chr4","384257"
"99","chr4","384262"
"100","chr4","384885"
"101","chr4","384899"
"102","chr4","384900"
"103","chr4","385114"
"104","chr4","417674"
"105","chr4","527743"
"106","chr4","584875"
"107","chr4","660940"
"108","chr4","726227"
"109","chr4","937704"
"110","chr4","1371088"
"111","chr4","1381715"
"112","chr4","1525357"
"113","chr4","1525363"
"114","chr5","76333"
"115","chr5","159636"
"116","chr5","175674"
"117","chr5","175840"
"118","chr5","247483"
"119","chr5","266649"
"120","chr5","274532"
"121","chr5","302912"
"122","chr5","314468"
"123","chr5","332348"
"124","chr5","334086"
"125","chr5","418015"
"126","chr5","523348"
"127","chr5","533465"
"128","chr5","546804"
"129","chr5","546977"
"130","chr5","553782"
"131","chr6","217643"
"132","chr6","245584"
"133","chr7","338"
"134","chr7","8529"
"135","chr7","8533"
"136","chr7","8539"
"137","chr7","8544"
"138","chr7","8547"
"139","chr7","22857"
"140","chr7","80104"
"141","chr7","163625"
"142","chr7","232669"
"143","chr7","240693"
"144","chr7","248381"
"145","chr7","263930"
"146","chr7","264038"
"147","chr7","284283"
"148","chr7","336233"
"149","chr7","444280"
"150","chr7","470618"
"151","chr7","479933"
"152","chr7","480320"
"153","chr7","482195"
"154","chr7","644958"
"155","chr7","649059"
"156","chr7","675732"
"157","chr7","707182"
"158","chr7","718824"
"159","chr7","735681"
"160","chr7","735936"
"161","chr7","735958"
"162","chr7","735962"
"163","chr7","745887"
"164","chr7","749839"
"165","chr7","775395"
"166","chr7","806709"
"167","chr7","807496"
"168","chr7","807497"
"169","chr7","819901"
"170","chr7","819910"
"171","chr7","869872"
"172","chr7","897168"
"173","chr7","957826"
"174","chr7","1023209"
"175","chr7","1047684"
"176","chr8","66824"
"177","chr8","85374"
"178","chr8","92142"
"179","chr8","93382"
"180","chr8","93391"
"181","chr8","93392"
"182","chr8","93395"
"183","chr8","93398"
"184","chr8","93401"
"185","chr8","93405"
"186","chr8","93407"
"187","chr8","93417"
"188","chr8","93422"
"189","chr8","93425"
"190","chr8","93446"
"191","chr8","93450"
"192","chr8","93466"
"193","chr8","93467"
"194","chr8","93486"
"195","chr8","93500"
"196","chr8","95000"
"197","chr8","516496"
"198","chr8","526831"
"199","chr8","526855"
"200","chr9","38717"
"201","chr9","110175"
"202","chr9","124369"
"203","chr9","266383"
"204","chr9","374079"
"205","chr9","411668"
"206","chr10","90635"
"207","chr10","103711"
"208","chr10","257034"
"209","chr10","325172"
"210","chr10","334668"
"211","chr10","340621"
"212","chr10","342637"
"213","chr10","362671"
"214","chr10","522532"
"215","chr10","546700"
"216","chr10","547441"
"217","chr10","715095"
"218","chr10","715099"
"219","chr10","715108"
"220","chr10","715114"
"221","chr10","715141"
"222","chr10","743850"
"223","chr10","743851"
"224","chr11","53317"
"225","chr11","53679"
"226","chr11","68221"
"227","chr11","144619"
"228","chr11","144646"
"229","chr11","144862"
"230","chr11","144880"
"231","chr11","144883"
"232","chr11","185033"
"233","chr11","206869"
"234","chr11","387292"
"235","chr11","655246"
"236","chr12","54731"
"237","chr12","56151"
"238","chr12","88193"
"239","chr12","93415"
"240","chr12","122007"
"241","chr12","247694"
"242","chr12","263199"
"243","chr12","279869"
"244","chr12","337183"
"245","chr12","633065"
"246","chr12","693876"
"247","chr12","724909"
"248","chr12","755855"
"249","chr12","787194"
"250","chr12","930419"
"251","chr12","936628"
"252","chr12","1032127"
"253","chr13","8214"
"254","chr13","8262"
"255","chr13","25111"
"256","chr13","25178"
"257","chr13","31178"
"258","chr13","49898"
"259","chr13","53046"
"260","chr13","112816"
"261","chr13","114669"
"262","chr13","217976"
"263","chr13","268705"
"264","chr13","326810"
"265","chr13","443426"
"266","chr13","533259"
"267","chr13","583969"
"268","chr13","588661"
"269","chr13","592784"
"270","chr13","683642"
"271","chr13","774284"
"272","chr13","779986"
"273","chr13","814661"
"274","chr14","214433"
"275","chr14","297316"
"276","chr14","660428"
"277","chr14","681959"
"278","chr14","713776"
"279","chr14","750961"
"280","chr14","781648"
"281","chr15","60195"
"282","chr15","72169"
"283","chr15","77078"
"284","chr15","82001"
"285","chr15","89639"
"286","chr15","303438"
"287","chr15","327032"
"288","chr15","552209"
"289","chr15","552215"
"290","chr15","727415"
"291","chr15","882919"
"292","chr15","952618"
"293","chr15","1003934"
"294","chr15","1027373"
"295","chr15","1033961"
"296","chr15","1041416"
"297","chr16","110829"
"298","chr16","208977"
"299","chr16","229047"
"300","chr16","241077"
"301","chr16","272945"
"302","chr16","297897"
"303","chr16","399531"
"304","chr16","461357"
"305","chr16","499528"
"306","chr16","580614"
"307","chr16","870626"
"308","chrmt","4081"
"309","chrmt","4082"
"310","chrmt","4090"
"311","chrmt","4096"
"312","chrmt","4146"
"313","chrmt","4352"
"314","chrmt","6425"
"315","chrmt","9334"
"316","chrmt","9513"
"317","chrmt","10406"
"318","chrmt","10820"
"319","chrmt","25342"
"320","chrmt","29437"
"321","chrmt","29469"
"322","chrmt","29489"
"323","chrmt","29512"
"324","chrmt","29555"
"325","chrmt","29594"
"326","chrmt","30547"
"327","chrmt","32376"
"328","chrmt","32380"
"329","chrmt","32381"
"330","chrmt","32387"
"331","chrmt","32401"
"332","chrmt","32403"
"333","chrmt","32424"
"334","chrmt","32432"
"335","chrmt","32433"
"336","chrmt","33793"
"337","chrmt","34331"
"338","chrmt","34332"
"339","chrmt","47606"
"340","chrmt","51887"
"341","chrmt","51983"
"342","chrmt","52316"
"343","chrmt","54976"
"344","chrmt","56064"
"345","chrmt","56071"
"346","chrmt","56079"
"347","chrmt","84855"
