"","GENE","PROCESS_DESC"
"1","MCK1","mitotic sister chromatid segregation"
"2","MCK1","double-strand break repair via nonhomologous end joining"
"3","MCK1","signal transduction"
"4","MCK1","peptidyl-threonine phosphorylation"
"5","MCK1","cell differentiation"
"6","MCK1","protein catabolic process"
"7","MCK1","ascospore formation"
"8","MCK1","mitotic spindle orientation checkpoint signaling"
"9","MCK1","meiotic cell cycle"
"10","BNI4","division septum assembly"
"11","BNI4","chitin biosynthetic process"
"12","BNI4","actin cytoskeleton organization"
"13","MDN1","ribosomal large subunit assembly"
"14","MDN1","ribosomal large subunit export from nucleus"
"15","MDN1","rRNA processing"
"16","MDN1","protein-RNA complex remodeling"
"17","MDN1","regulation of ribosomal subunit export from nucleus"
"18","YEF1","NADP biosynthetic process"
"19","YEF1","NAD metabolic process"
"20","PHO84","polyphosphate metabolic process"
"21","PHO84","phosphate ion transport"
"22","PHO84","manganese ion transport"
"23","PHO84","transmembrane transport"
"24","PHO84","manganese ion transmembrane transport"
"25","PHO84","plasma membrane selenite transport"
"26","PHO84","proton transmembrane transport"
"27","RIM21","invasive growth in response to glucose limitation"
"28","RIM21","fungal-type cell wall biogenesis"
"29","RIM21","ascospore formation"
"30","RIM21","regulation of vacuole organization"
"31","RIM21","cellular response to pH"
"32","RIM21","cellular response to alkaline pH"
"33","HHF2","chromatin organization"
"34","HHF2","nucleosome assembly"
"35","OCA5","biological_process"
"36","UTH1","polysaccharide catabolic process"
"37","UTH1","autophagy of mitochondrion"
"38","UTH1","division septum assembly"
"39","UTH1","autophagy"
"40","UTH1","fungal-type cell wall biogenesis"
"41","UTH1","fungal-type cell wall organization"
"42","UTH1","cell division"
"43","UTH1","cell wall organization"
"44","SAP4","G1/S transition of mitotic cell cycle"
"45","SAP4","regulation of phosphoprotein phosphatase activity"
"46","UBC1","protein polyubiquitination"
"47","UBC1","ubiquitin-dependent protein catabolic process"
"48","UBC1","vesicle organization"
"49","UBC1","protein ubiquitination"
"50","UBC1","ERAD pathway"
"51","RSE1","spliceosomal complex assembly"
"52","RSE1","mRNA splicing, via spliceosome"
"53","RSE1","mRNA processing"
"54","RSE1","RNA splicing"
"55","RSE1","RNA metabolic process"
"56","AGP1","amino acid transmembrane transport"
"57","AGP1","amino acid transport"
"58","AGP1","phenylalanine transport"
"59","AGP1","proline transmembrane transport"
"60","AGP1","transmembrane transport"
"61","AGP1","serine import across plasma membrane"
"62","ALD5","ethanol catabolic process"
"63","ALD5","acetate biosynthetic process"
"64","TFB1","DNA repair"
"65","TFB1","nucleotide-excision repair"
"66","TFB1","DNA-templated transcription"
"67","TFB1","transcription by RNA polymerase I"
"68","TFB1","transcription by RNA polymerase II"
"69","RIM11","signal transduction"
"70","RIM11","peptidyl-threonine phosphorylation"
"71","RIM11","cell differentiation"
"72","RIM11","ascospore formation"
"73","UME6","negative regulation of transcription by RNA polymerase II"
"74","UME6","mitotic cell cycle"
"75","UME6","nitrogen catabolite repression of transcription from RNA polymerase II promoter"
"76","UME6","chromatin organization"
"77","UME6","chromatin remodeling"
"78","UME6","regulation of DNA-templated transcription"
"79","UME6","cellular response to nitrogen starvation"
"80","UME6","pseudohyphal growth"
"81","UME6","spore germination"
"82","UME6","lipid droplet organization"
"83","UME6","positive regulation of transcription by RNA polymerase II"
"84","UME6","meiotic cell cycle"
"85","UME6","negative regulation of inositol biosynthetic process"
"86","UME6","positive regulation of phosphatidylserine biosynthetic process"
"87","UME6","positive regulation of phosphatidylcholine biosynthetic process"
"88","SFP1","regulation of cell size"
"89","SFP1","positive regulation of transcription by RNA polymerase II"
"90","SFP1","positive regulation of ribosomal protein gene transcription by RNA polymerase II"
"91","SBE2","protein transport"
"92","SBE2","fungal-type cell wall organization"
"93","SBE2","cell wall organization"
"94","ADR1","chromatin organization"
"95","ADR1","regulation of transcription by RNA polymerase II"
"96","ADR1","peroxisome organization"
"97","ADR1","positive regulation of fatty acid beta-oxidation"
"98","ADR1","positive regulation of transcription by RNA polymerase II"
"99","ADR1","positive regulation of transcription from RNA polymerase II promoter by oleic acid"
"100","ADR1","cellular response to ethanol"
"101","ADR1","positive regulation of peroxisome organization"
"102","ADR1","positive regulation of ethanol catabolic process"
"103","SFH5","lipid transport"
"104","SFH5","phospholipid transport"
"105","SFH5","regulation of exocytosis"
"106","SFH5","Golgi to plasma membrane protein transport"
"107","SFH5","phosphatidylinositol metabolic process"
"108","SFH5","intermembrane lipid transfer"
"109","SFH5","regulation of establishment of cell polarity"
"110","PKC1","pexophagy"
"111","PKC1","signal transduction"
"112","PKC1","cellular response to starvation"
"113","PKC1","fungal-type cell wall biogenesis"
"114","PKC1","positive regulation of cytoplasmic mRNA processing body assembly"
"115","PKC1","peptidyl-serine phosphorylation"
"116","PKC1","cellular bud neck septin ring organization"
"117","PKC1","stress granule assembly"
"118","PKC1","intracellular signal transduction"
"119","PKC1","regulation of nuclear-transcribed mRNA poly(A) tail shortening"
"120","PKC1","regulation of fungal-type cell wall organization"
"121","URB1","maturation of LSU-rRNA from tricistronic rRNA transcript (SSU-rRNA, 5.8S rRNA, LSU-rRNA)"
"122","URB1","maturation of 5.8S rRNA from tricistronic rRNA transcript (SSU-rRNA, 5.8S rRNA, LSU-rRNA)"
"123","URB1","rRNA processing"
"124","URB1","ribosome biogenesis"
"125","BNA6","NAD biosynthetic process"
"126","BNA6","pyridine nucleotide biosynthetic process"
"127","BNA6","quinolinate catabolic process"
"128","BNA6","'de novo' NAD biosynthetic process from tryptophan"
"129","COQ1","ubiquinone biosynthetic process"
"130","COQ1","isoprenoid biosynthetic process"
"131","VRP1","endocytosis"
"132","VRP1","bipolar cellular bud site selection"
"133","VRP1","regulation of cytokinesis"
"134","VRP1","actin cortical patch localization"
"135","VRP1","positive regulation of Arp2/3 complex-mediated actin nucleation"
"136","RPS2","ribosomal small subunit assembly"
"137","RPS2","ribosomal subunit export from nucleus"
"138","RPS2","translation"
"139","RPS2","regulation of translational fidelity"
"140","RPS2","maturation of SSU-rRNA"
"141","SPT2","negative regulation of transcription by RNA polymerase II"
"142","SPT2","chromatin organization"
"143","SPT2","transcription elongation-coupled chromatin remodeling"
"144","TRK2","potassium ion transport"
"145","TRK2","intracellular calcium ion homeostasis"
"146","TRK2","intracellular potassium ion homeostasis"
"147","TRK2","regulation of membrane potential"
"148","TRK2","potassium ion transmembrane transport"
"149","TRK2","potassium ion import across plasma membrane"
"150","SPO77","sporulation resulting in formation of a cellular spore"
"151","SPO77","ascospore formation"
"152","SPO77","ascospore wall assembly"
"153","SPO77","positive regulation of ascospore-type prospore membrane formation"
"154","SIW14","actin filament organization"
"155","SIW14","diphosphoinositol polyphosphate metabolic process"
"156","HSL1","G2/M transition of mitotic cell cycle"
"157","HSL1","protein phosphorylation"
"158","HSL1","protein catabolic process"
"159","HSL1","mitotic morphogenesis checkpoint signaling"
"160","HSL1","regulation of cell cycle"
"161","HSL1","protein localization to septin ring"
"162","NAB2","poly(A)+ mRNA export from nucleus"
"163","NAB2","regulation of mRNA stability"
"164","NAB2","positive regulation of transcription by RNA polymerase III"
"165","NAB2","negative regulation of nuclear-transcribed mRNA catabolic process, deadenylation-dependent decay"
"166","AFT1","negative regulation of transcription by RNA polymerase II"
"167","AFT1","chromosome segregation"
"168","AFT1","cellular response to iron ion starvation"
"169","AFT1","cardiolipin metabolic process"
"170","AFT1","establishment of mitotic sister chromatid cohesion"
"171","AFT1","positive regulation of iron ion transport"
"172","AFT1","meiotic chromosome segregation"
"173","AFT1","positive regulation of transcription by RNA polymerase II"
"174","FCY2","cytosine transport"
"175","FCY2","cytidine transport"
"176","FCY2","transmembrane transport"
"177","FCY2","purine-containing compound transmembrane transport"
"178","MAS2","proteolysis"
"179","MAS2","protein processing involved in protein targeting to mitochondrion"
"180","RBK1","D-ribose metabolic process"
"181","RBK1","D-ribose catabolic process"
"182","RBK1","carbohydrate phosphorylation"
"183","ACT1","vacuole inheritance"
"184","ACT1","DNA repair"
"185","ACT1","endocytosis"
"186","ACT1","protein secretion"
"187","ACT1","establishment of cell polarity"
"188","ACT1","ascospore wall assembly"
"189","ACT1","mitotic actomyosin contractile ring contraction"
"190","MMS4","resolution of meiotic recombination intermediates"
"191","MMS4","DNA topological change"
"192","MMS4","DNA repair"
"193","MMS4","double-strand break repair"
"194","MMS4","DNA recombination"
"195","MMS4","DNA damage response"
"196","MMS4","reciprocal meiotic recombination"
"197","MMS4","regulation of reciprocal meiotic recombination"
"198","MMS4","replication fork processing"
"199","MMS4","mitotic intra-S DNA damage checkpoint signaling"
"200","MMS4","meiotic cell cycle"
"201","BSD2","ubiquitin-dependent protein catabolic process"
"202","BSD2","protein targeting to vacuole"
"203","BSD2","vacuolar transport"
"204","BSD2","metal ion transport"
"205","BSD2","positive regulation of protein ubiquitination"
"206","FSF1","monoatomic ion transport"
"207","FSF1","amino acid transport"
"208","FSF1","L-serine transport"
"209","FSF1","monoatomic ion transmembrane transport"
"210","FSF1","transmembrane transport"
"211","FSF1","cellular response to anoxia"
"212","FSF1","mitochondrial transmembrane transport"
"213","HO","mating type switching"
"214","HO","gene conversion at mating-type locus"
"215","HO","intein-mediated protein splicing"
"216","TPS3","trehalose metabolic process"
"217","TPS3","trehalose biosynthetic process"
"218","TPS3","trehalose metabolism in response to stress"
"219","UGA4","amino acid transport"
"220","UGA4","gamma-aminobutyric acid transport"
"221","UGA4","putrescine transport"
"222","UGA4","transmembrane transport"
"223","APC2","ubiquitin-dependent protein catabolic process"
"224","APC2","metaphase/anaphase transition of mitotic cell cycle"
"225","APC2","macromolecule catabolic process"
"226","APC2","exit from mitosis"
"227","APC2","protein ubiquitination"
"228","APC2","anaphase-promoting complex-dependent catabolic process"
"229","APC2","cell division"
"230","APC2","protein K11-linked ubiquitination"
"231","APC2","positive regulation of mitotic actomyosin contractile ring contraction"
"232","RRP6","exonucleolytic trimming to generate mature 3'-end of 5.8S rRNA from tricistronic rRNA transcript (SSU-rRNA, 5.8S rRNA, LSU-rRNA)"
"233","RRP6","post-transcriptional tethering of RNA polymerase II gene DNA at nuclear periphery"
"234","RRP6","rRNA processing"
"235","RRP6","regulation of telomere maintenance"
"236","RRP6","U1 snRNA 3'-end processing"
"237","RRP6","U4 snRNA 3'-end processing"
"238","RRP6","U5 snRNA 3'-end processing"
"239","RRP6","nuclear mRNA surveillance"
"240","RRP6","nuclear polyadenylation-dependent rRNA catabolic process"
"241","RRP6","nuclear polyadenylation-dependent snoRNA catabolic process"
"242","RRP6","nuclear polyadenylation-dependent snRNA catabolic process"
"243","RRP6","TRAMP-dependent tRNA surveillance pathway"
"244","RRP6","nuclear polyadenylation-dependent CUT catabolic process"
"245","RRP6","nuclear polyadenylation-dependent antisense transcript catabolic process"
"246","RRP6","nuclear polyadenylation-dependent mRNA catabolic process"
"247","RRP6","histone mRNA catabolic process"
"248","RRP6","poly(A)-dependent snoRNA 3'-end processing"
"249","LOS1","tRNA export from nucleus"
"250","LOS1","tRNA re-export from nucleus"
"251","SPS100","sporulation resulting in formation of a cellular spore"
"252","SPS100","ascospore wall assembly"
"253","DUS4","tRNA dihydrouridine synthesis"
"254","DUS4","mRNA processing"
"255","DUS4","tRNA modification"
"256","DUS4","tRNA processing"
"257","MSC6","DNA recombination"
"258","MSC6","reciprocal meiotic recombination"
"259","MSC6","meiotic cell cycle"
"260","MSC6","mitochondrial translational initiation"
"261","APL5","protein targeting to vacuole"
"262","APL5","intracellular protein transport"
"263","APL5","Golgi to vacuole transport"
"264","APL5","protein transport"
"265","APL5","vesicle-mediated transport"
"266","RED1","synaptonemal complex assembly"
"267","RED1","reciprocal meiotic recombination"
"268","RED1","sporulation resulting in formation of a cellular spore"
"269","RED1","meiotic cell cycle"
"270","RED1","meiotic recombination checkpoint signaling"
"271","MCT1","fatty acid metabolic process"
"272","MCT1","fatty acid biosynthetic process"
"273","ADE6","purine nucleotide biosynthetic process"
"274","ADE6","'de novo' IMP biosynthetic process"
"275","ADE6","glutamine metabolic process"
"276","YRB2","ribosomal small subunit export from nucleus"
"277","YRB2","NLS-bearing protein import into nucleus"
"278","YRB2","protein export from nucleus"
"279","YRB2","protein transport"
"280","YRB2","intracellular transport"
"281","OCA4","biological_process"
"282","PDR10","replication-born double-strand break repair via sister chromatid exchange"
"283","PDR10","xenobiotic detoxification by transmembrane export across the plasma membrane"
"284","SNT2","regulation of DNA-templated transcription"
"285","SNT2","regulation of transcription by RNA polymerase II"
"286","SNT2","cellular response to oxidative stress"
"287","SNT2","histone catabolic process"
"288","DOA4","regulation of DNA replication"
"289","DOA4","proteolysis"
"290","DOA4","ubiquitin-dependent protein catabolic process"
"291","DOA4","endocytosis"
"292","DOA4","ubiquitin recycling"
"293","DOA4","free ubiquitin chain depolymerization"
"294","DOA4","protein deubiquitination"
"295","DOA4","ubiquitin-dependent protein catabolic process via the multivesicular body sorting pathway"
"296","DOA4","intralumenal vesicle formation"
"297","DOA4","ATP export"
"298","YOR1","xenobiotic transport"
"299","YOR1","transmembrane transport"
"300","YOR1","cadmium ion transmembrane transport"
"301","ERG1","ergosterol biosynthetic process"
"302","ERG1","sterol metabolic process"
"303","ERG1","sterol biosynthetic process"
"304","POL3","DNA replication"
"305","POL3","DNA-templated DNA replication"
"306","POL3","RNA-templated DNA biosynthetic process"
"307","POL3","base-excision repair, gap-filling"
"308","POL3","nucleotide-excision repair, DNA gap filling"
"309","POL3","double-strand break repair via nonhomologous end joining"
"310","POL3","DNA replication, removal of RNA primer"
"311","POL3","DNA replication proofreading"
"312","POL3","DNA-templated DNA replication maintenance of fidelity"
"313","POL3","DNA biosynthetic process"
"314","MYO2","mitochondrion inheritance"
"315","MYO2","vacuole inheritance"
"316","MYO2","establishment of mitotic spindle orientation"
"317","MYO2","vesicle docking involved in exocytosis"
"318","MYO2","actin filament organization"
"319","MYO2","membrane addition at site of cytokinesis"
"320","MYO2","protein transport"
"321","MYO2","vesicle-mediated transport"
"322","MYO2","vesicle transport along actin filament"
"323","MYO2","peroxisome inheritance"
"324","MYO2","intracellular distribution of mitochondria"
"325","MYO2","Golgi inheritance"
"326","MYO2","cell division"
"327","TFG1","transcriptional start site selection at RNA polymerase II promoter"
"328","TFG1","transcription initiation at RNA polymerase II promoter"
"329","TFG1","transcription elongation by RNA polymerase II"
"330","TFG1","positive regulation of transcription elongation by RNA polymerase II"
"331","COG1","retrograde transport, vesicle recycling within Golgi"
"332","COG1","intra-Golgi vesicle-mediated transport"
"333","COG1","Golgi organization"
"334","COG1","protein transport"
"335","COG1","cytoplasm to vacuole targeting by the Cvt pathway"
"336","HXT13","carbohydrate transport"
"337","HXT13","hexose transmembrane transport"
"338","HXT13","fructose transmembrane transport"
"339","HXT13","mannose transmembrane transport"
"340","HXT13","sorbitol transmembrane transport"
"341","HXT13","mannitol transmembrane transport"
"342","HXT13","transmembrane transport"
"343","HXT13","proton transmembrane transport"
"344","HXT13","glucose transmembrane transport"
"345","VTC1","polyphosphate metabolic process"
"346","VTC1","polyphosphate biosynthetic process"
"347","VTC1","vacuolar transport"
"348","VTC1","microautophagy"
"349","VTC1","vacuole fusion, non-autophagic"
"350","HUL5","protein polyubiquitination"
"351","HUL5","ubiquitin-dependent protein catabolic process"
"352","HUL5","free ubiquitin chain polymerization"
"353","HUL5","protein ubiquitination"
"354","HUL5","cellular response to stress"
"355","HUL5","cellular response to heat"
"356","HUL5","ERAD pathway"
"357","PHO23","chromatin organization"
"358","PHO23","regulation of DNA-templated transcription"
"359","PHO23","negative regulation of transcription by RNA polymerase I"
"360","PHO23","cellular response to heat"
"361","PHO23","positive regulation of transcription by RNA polymerase II"
"362","PHO23","negative regulation of silent mating-type cassette heterochromatin formation"
"363","PHO23","negative regulation of rDNA heterochromatin formation"
"364","PHO23","positive regulation of invasive growth in response to glucose limitation"
"365","BIR1","mitotic spindle elongation"
"366","BIR1","apoptotic process"
"367","BIR1","chromosome segregation"
"368","BIR1","mitotic spindle assembly checkpoint signaling"
"369","BIR1","sister chromatid biorientation"
"370","BIR1","cell division"
"371","PBS2","MAPK cascade"
"372","PBS2","protein import into nucleus"
"373","PBS2","hyperosmotic response"
"374","PBS2","actin filament organization"
"375","PBS2","osmosensory signaling pathway"
"376","PBS2","osmosensory signaling pathway via Sho1 osmosensor"
"377","PBS2","p38MAPK cascade"
"378","PBS2","response to antibiotic"
"379","PBS2","cellular hyperosmotic response"
"380","SMF1","copper ion transport"
"381","SMF1","iron ion transport"
"382","SMF1","manganese ion transport"
"383","SMF1","intracellular copper ion homeostasis"
"384","SMF1","cadmium ion transport"
"385","SMF1","metal ion transport"
"386","SMF1","intracellular manganese ion homeostasis"
"387","SMF1","iron ion transmembrane transport"
"388","SMF1","cadmium ion transmembrane transport"
"389","SMF1","manganese ion transmembrane transport"
"390","SMF1","proton transmembrane transport"
"391","RPT5","ubiquitin-dependent protein catabolic process"
"392","RPT5","positive regulation of macromolecule metabolic process"
"393","RPT5","proteasome-mediated ubiquitin-dependent protein catabolic process"
"394","RPT5","positive regulation of RNA polymerase II transcription preinitiation complex assembly"
"395","RPT5","proteasome regulatory particle assembly"
"396","RPT5","positive regulation of proteasomal protein catabolic process"
"397","CLN3","regulation of cyclin-dependent protein serine/threonine kinase activity"
"398","CLN3","G1/S transition of mitotic cell cycle"
"399","CLN3","regulation of protein phosphorylation"
"400","CLN3","regulation of transcription by RNA polymerase II"
"401","CLN3","vacuole organization"
"402","CLN3","traversing start control point of mitotic cell cycle"
"403","CLN3","vacuole fusion, non-autophagic"
"404","CLN3","cell division"
"405","SUB2","mRNA splicing, via spliceosome"
"406","SUB2","transcription-coupled nucleotide-excision repair"
"407","SUB2","transcription elongation by RNA polymerase II"
"408","SUB2","mRNA processing"
"409","SUB2","mRNA export from nucleus"
"410","SUB2","RNA splicing"
"411","SUB2","gene expression"
"412","SUB2","mRNA 3'-end processing"
"413","SUB2","subtelomeric heterochromatin formation"
"414","SUB2","mRNA transport"
"415","FRE6","transition metal ion transport"
"416","FRE6","iron ion transport"
"417","FRE6","intracellular iron ion homeostasis"
"418","FRE6","copper ion import"
"419","VCX1","calcium ion transport"
"420","VCX1","intracellular calcium ion homeostasis"
"421","VCX1","transmembrane transport"
"422","VCX1","calcium ion transmembrane transport"
"423","VCX1","potassium ion transmembrane transport"
"424","VCX1","proton transmembrane transport"
"425","BLM10","DNA repair"
"426","BLM10","proteasomal ubiquitin-independent protein catabolic process"
"427","BLM10","proteasome assembly"
"428","BLM10","regulation of proteasomal protein catabolic process"
"429","BLM10","proteasome storage granule assembly"
"430","BLM10","proteasome core complex import into nucleus"
"431","YML018C","biological_process"
"432","NFT1","macroautophagy"
"433","NFT1","transmembrane transport"
"434","RCO1","chromatin organization"
"435","RCO1","regulation of transcription by RNA polymerase II"
"436","RCO1","transcription elongation by RNA polymerase II"
"437","RCO1","regulation of DNA-templated DNA replication initiation"
"438","RCO1","positive regulation of transcription by RNA polymerase II"
"439","RCO1","negative regulation of antisense RNA transcription"
"440","YAP6","negative regulation of transcription by RNA polymerase II"
"441","YAP6","regulation of DNA-templated transcription"
"442","YAP6","positive regulation of transcription by RNA polymerase II"
"443","SWT1","nuclear mRNA surveillance of mRNP export"
"444","SYG1","phosphate ion transport"
"445","SYG1","signal transduction"
"446","SYG1","cellular response to phosphate starvation"
"447","INP2","peroxisome inheritance"
"448","HBT1","cell morphogenesis involved in conjugation with cellular fusion"
"449","HBT1","regulation of cell shape"
"450","LRG1","cytogamy"
"451","LRG1","signal transduction"
"452","LRG1","actin cytoskeleton organization"
"453","LRG1","sporulation resulting in formation of a cellular spore"
"454","LRG1","negative regulation of Rho protein signal transduction"
"455","LRG1","regulation of fungal-type cell wall organization"
"456","LRG1","negative regulation of protein kinase C signaling"
"457","LRG1","regulation of cell wall (1->3)-beta-D-glucan biosynthetic process"
"458","CDC25","traversing start control point of mitotic cell cycle"
"459","CDC25","small GTPase-mediated signal transduction"
"460","CDC25","Ras protein signal transduction"
"461","CDC25","cell division"
"462","CDC25","regulation of cell cycle"
"463","ALY2","regulation of intracellular transport"
"464","ALY2","regulation of intracellular pH"
"465","ALY2","ubiquitin-dependent endocytosis"
"466","ALY2","cellular response to L-arginine"
"467","ALY2","positive regulation of ubiquitin-dependent endocytosis"
"468","EBS1","nuclear-transcribed mRNA catabolic process, nonsense-mediated decay"
"469","EBS1","DNA recombination"
"470","EBS1","negative regulation of translation"
"471","MAM3","mitochondrion organization"
"472","MAM3","magnesium ion homeostasis"
"473","MAM3","intracellular magnesium ion homeostasis"
"474","MAM3","intracellular manganese ion homeostasis"
"475","FIG4","phosphatidylinositol-3-phosphate biosynthetic process"
"476","FIG4","phosphatidylinositol dephosphorylation"
"477","PHO81","lipid metabolic process"
"478","PHO81","phosphate-containing compound metabolic process"
"479","PHO81","cellular response to phosphate starvation"
"480","CYK3","cell division"
"481","CYK3","mitotic division septum assembly"
"482","CYK3","secondary cell septum biogenesis"
"483","HIS4","L-histidine biosynthetic process"
"484","HIS4","tryptophan biosynthetic process"
"485","HIS4","small molecule metabolic process"
"486","PHR1","photoreactive repair"
"487","PHR1","nucleobase-containing compound metabolic process"
"488","PHR1","DNA repair"
"489","PHR1","response to stress"
"490","PHR1","circadian regulation of gene expression"
"491","PHR1","entrainment of circadian clock by photoperiod"
"492","SAK1","regulation of glycogen biosynthetic process"
"493","SAK1","protein phosphorylation"
"494","SAK1","cellular response to glucose starvation"
"495","SAK1","regulation of DNA-templated DNA replication"
"496","SAK1","regulation of protein localization to nucleus"
"497","SAK1","regulation of pseudohyphal growth"
"498","PMA1","regulation of intracellular pH"
"499","PMA1","transmembrane transport"
"500","PMA1","inorganic cation transmembrane transport"
"501","PMA1","proton export across plasma membrane"
"502","PMA1","proton transmembrane transport"
"503","PMA1","proteasome storage granule assembly"
"504","PMA1","positive regulation of TORC1 signaling"
"505","BNI1","establishment of mitotic spindle orientation"
"506","BNI1","budding cell apical bud growth"
"507","BNI1","actin cytoskeleton organization"
"508","BNI1","regulation of protein localization"
"509","BNI1","regulation of actin cytoskeleton organization"
"510","BNI1","actin nucleation"
"511","BNI1","barbed-end actin filament capping"
"512","BNI1","actin filament bundle assembly"
"513","BNI1","cell division"
"514","BNI1","formin-nucleated actin cable assembly"
"515","BNI1","cellular hyperosmotic response"
"516","BNI1","mitotic actomyosin contractile ring assembly"
"517","RKM3","peptidyl-lysine monomethylation"
"518","RKM3","methylation"
"519","TRL1","tRNA splicing, via endonucleolytic cleavage and ligation"
"520","TRL1","tRNA processing"
"521","TRL1","positive regulation of translation in response to stress"
"522","TRL1","IRE1-mediated unfolded protein response"
"523","TRL1","nuclear-transcribed mRNA catabolic process, no-go decay"
"524","TRL1","regulation of nuclear-transcribed mRNA catabolic process, nonsense-mediated decay"
"525","VPS74","retrograde vesicle-mediated transport, Golgi to endoplasmic reticulum"
"526","VPS74","Golgi organization"
"527","VPS74","protein transport"
"528","VPS74","endoplasmic reticulum unfolded protein response"
"529","VPS74","Golgi to plasma membrane protein transport"
"530","VPS74","protein retention in Golgi apparatus"
"531","VPS74","Golgi vesicle budding"
"532","VPS74","regulation of phosphatidylinositol dephosphorylation"
"533","STP3","regulation of transcription by RNA polymerase II"
"534","STP3","biological_process"
"535","MSS2","protein insertion into mitochondrial inner membrane from matrix"
"536","PRP2","generation of catalytic spliceosome for first transesterification step"
"537","PRP2","RNA processing"
"538","PRP2","mRNA processing"
"539","PRP2","RNA splicing"
"540","PRP2","ribonucleoprotein complex biogenesis"
"541","PRP2","snoRNA splicing"
"542","SSK2","osmosensory signaling via phosphorelay pathway"
"543","SSK2","regulation of actin cytoskeleton organization"
"544","SSK2","p38MAPK cascade"
"545","SSK2","stress-activated MAPK cascade"
"546","SSK2","cellular hyperosmotic response"
"547","ECM14","proteolysis"
"548","ECM14","cell wall organization"
"549","HMF1","biological_process"
"550","HMF1","organonitrogen compound catabolic process"
"551","VPS63","protein targeting to vacuole"
"552","STE5","MAPK cascade"
"553","STE5","pheromone-dependent signal transduction involved in conjugation with cellular fusion"
"554","STE5","invasive growth in response to glucose limitation"
"555","STE5","positive regulation of protein phosphorylation"
"556","STE5","response to pheromone"
"557","STE5","negative regulation of MAPK cascade"
"558","PDR1","DNA-templated transcription"
"559","PDR1","regulation of DNA-templated transcription"
"560","PDR1","positive regulation of transcription by RNA polymerase II"
"561","PDR1","cellular response to xenobiotic stimulus"
"562","PDR1","positive regulation of cellular response to drug"
"563","YCT1","amino acid transport"
"564","YCT1","cysteine transport"
"565","YCT1","transmembrane transport"
"566","YCT1","cysteine transmembrane transport"
"567","NAM8","mRNA splicing, via spliceosome"
"568","NAM8","mRNA splice site recognition"
"569","NAM8","mRNA processing"
"570","NAM8","RNA splicing"
"571","NAM8","positive regulation of mRNA splicing, via spliceosome"
"572","PHM7","biological_process"
"573","PHM7","monoatomic ion transmembrane transport"
"574","PHM7","monoatomic cation transmembrane transport"
"575","PYK2","pyruvate metabolic process"
"576","PYK2","glycolytic process"
"577","PYK2","monocarboxylic acid metabolic process"
"578","ASN1","asparagine biosynthetic process"
"579","ASN1","glutamine metabolic process"
"580","ASN1","L-asparagine biosynthetic process"
"581","HIR2","negative regulation of transcription by RNA polymerase II"
"582","HIR2","chromatin organization"
"583","HIR2","chromatin remodeling"
"584","HIR2","DNA-templated transcription"
"585","HIR2","regulation of DNA-templated transcription"
"586","HIR2","negative regulation of transcription by RNA polymerase III"
"587","HIR2","transcription elongation-coupled chromatin remodeling"
"588","GCD2","translation"
"589","GCD2","translational initiation"
"590","GCD2","regulation of translation"
"591","GCD2","regulation of translational initiation"
"592","MED6","regulation of transcription by RNA polymerase II"
"593","MED6","positive regulation of transcription by RNA polymerase II"
"594","MED6","RNA polymerase II preinitiation complex assembly"
"595","UBP5","proteolysis"
"596","UBP5","protein deubiquitination"
"597","BUL1","mitochondrion inheritance"
"598","BUL1","protein polyubiquitination"
"599","BUL1","protein monoubiquitination"
"600","BUL1","response to glucose"
"601","BUL1","protein ubiquitination"
"602","BUL1","ubiquitin-dependent endocytosis"
"603","BUL1","ATP export"
"604","PRI2","DNA replication"
"605","PRI2","DNA-templated DNA replication"
"606","PRI2","DNA replication, synthesis of primer"
"607","PRI2","DNA replication initiation"
"608","PRI2","double-strand break repair"
"609","PTK2","G1/S transition of mitotic cell cycle"
"610","PTK2","spermine transport"
"611","PTK2","protein phosphorylation"
"612","PTK2","intracellular monoatomic ion homeostasis"
"613","PTK2","regulation of cell size"
"614","PTK2","putrescine transport"
"615","PTK2","spermidine transport"
"616","CYT2","cytochrome c-heme linkage"
"617","IDH1","tricarboxylic acid cycle"
"618","IDH1","isocitrate metabolic process"
"619","IDH1","glutamate biosynthetic process"
"620","PEP12","vacuole inheritance"
"621","PEP12","intracellular protein transport"
"622","PEP12","Golgi to vacuole transport"
"623","PEP12","vesicle fusion"
"624","PEP12","vesicle-mediated transport"
"625","PEP12","macroautophagy"
"626","PEP12","cytoplasm to vacuole targeting by the Cvt pathway"
"627","PEP12","vesicle docking"
"628","IDP1","glyoxylate cycle"
"629","IDP1","tricarboxylic acid cycle"
"630","IDP1","isocitrate metabolic process"
"631","IDP1","glutamate biosynthetic process"
"632","IDP1","NADP metabolic process"
"633","KSP1","protein phosphorylation"
"634","KSP1","protein localization"
"635","KSP1","regulation of autophagy"
"636","KSP1","regulation of filamentous growth"
"637","KSP1","negative regulation of macroautophagy"
"638","KSP1","TOR signaling"
"639","KSP1","regulation of translation in response to stress"
"640","KSP1","regulation of pseudohyphal growth"
"641","ULS1","double-strand break repair via homologous recombination"
"642","ULS1","chromatin organization"
"643","ULS1","chromatin remodeling"
"644","ULS1","mating type switching"
"645","MLS1","glyoxylate cycle"
"646","MLS1","tricarboxylic acid cycle"
"647","RCK2","osmosensory signaling pathway"
"648","RCK2","cellular response to oxidative stress"
"649","RCK2","regulation of meiotic nuclear division"
"650","PRP8","spliceosomal tri-snRNP complex assembly"
"651","PRP8","generation of catalytic spliceosome for second transesterification step"
"652","PRP8","mRNA 3'-splice site recognition"
"653","PRP8","mRNA 5'-splice site recognition"
"654","PRP8","mRNA splicing, via spliceosome"
"655","PRP8","mRNA processing"
"656","PRP8","RNA splicing"
"657","UBR2","protein polyubiquitination"
"658","UBR2","ubiquitin-dependent protein catabolic process"
"659","UBR2","protein ubiquitination"
"660","UBR2","cellular response to unfolded protein"
"661","UBR2","ubiquitin-dependent protein catabolic process via the N-end rule pathway"
"662","UBR2","cytoplasm protein quality control by the ubiquitin-proteasome system"
"663","SMY2","regulation of transcription by RNA polymerase II"
"664","SMY2","endoplasmic reticulum to Golgi vesicle-mediated transport"
"665","SMY2","protein-containing complex disassembly"
"666","SMY2","nuclear protein quality control by the ubiquitin-proteasome system"
"667","FET4","iron ion transport"
"668","FET4","zinc ion transport"
"669","FET4","copper ion import"
"670","FET4","protein maturation by copper ion transfer"
"671","FET4","iron ion transmembrane transport"
"672","FET4","copper ion transmembrane transport"
"673","FET4","transmembrane transport"
"674","TUS1","signal transduction"
"675","TUS1","fungal-type cell wall organization"
"676","TUS1","positive regulation of mitotic actomyosin contractile ring assembly"
"677","ERG9","ergosterol biosynthetic process"
"678","ERG9","isoprenoid biosynthetic process"
"679","ERG9","lipid biosynthetic process"
"680","ERG9","sterol biosynthetic process"
"681","ERG9","farnesyl diphosphate metabolic process"
"682","FZF1","regulation of transcription by RNA polymerase II"
"683","FZF1","cyanamide metabolic process"
"684","FZF1","positive regulation of transcription by RNA polymerase II"
"685","FZF1","positive regulation of sulfite transport"
"686","BUL2","protein polyubiquitination"
"687","BUL2","protein monoubiquitination"
"688","BUL2","protein ubiquitination"
"689","SPO20","exocytosis"
"690","SPO20","vesicle fusion"
"691","SPO20","vesicle-mediated transport"
"692","SPO20","sporulation resulting in formation of a cellular spore"
"693","SPO20","ascospore-type prospore assembly"
"694","SPO20","membrane fusion"
"695","IOC4","chromatin remodeling"
"696","IOC4","sister chromatid cohesion"
"697","ISU1","tRNA wobble uridine modification"
"698","ISU1","intracellular iron ion homeostasis"
"699","ISU1","iron-sulfur cluster assembly"
"700","MET30","G1/S transition of mitotic cell cycle"
"701","MET30","protein polyubiquitination"
"702","MET30","regulation of transcription by RNA polymerase II"
"703","MET30","methionine biosynthetic process"
"704","MET30","protein ubiquitination"
"705","MET30","cysteine biosynthetic process"
"706","MET30","SCF-dependent proteasomal ubiquitin-dependent protein catabolic process"
"707","MET30","response to arsenic-containing substance"
"708","MET30","response to cadmium ion"
"709","NPL3","mRNA splicing, via spliceosome"
"710","NPL3","mRNA processing"
"711","NPL3","translational termination"
"712","NPL3","negative regulation of translation"
"713","NPL3","positive regulation of transcription elongation by RNA polymerase II"
"714","NPL3","ribosome biogenesis"
"715","NPL3","negative regulation of termination of RNA polymerase II transcription, poly(A)-coupled"
"716","GPB1","protein polyubiquitination"
"717","GPB1","invasive growth in response to glucose limitation"
"718","GPB1","ubiquitin-dependent protein catabolic process"
"719","GPB1","pseudohyphal growth"
"720","GPB1","glucose mediated signaling pathway"
"721","GPB1","negative regulation of phosphorylation"
"722","GPB1","positive regulation of Ras protein signal transduction"
"723","GPB1","negative regulation of Ras protein signal transduction"
"724","ABP140","tRNA processing"
"725","ABP140","tRNA methylation"
"726","ABP140","methylation"
"727","ABP140","viral translational frameshifting"
"728","RPS15","ribosomal small subunit assembly"
"729","RPS15","ribosomal subunit export from nucleus"
"730","RPS15","cytoplasmic translation"
"731","RPS15","translation"
"732","RPS15","ribosome biogenesis"
"733","PDX1","acetyl-CoA biosynthetic process from pyruvate"
"734","PDX1","small molecule metabolic process"
"735","RRP46","exonucleolytic trimming to generate mature 3'-end of 5.8S rRNA from tricistronic rRNA transcript (SSU-rRNA, 5.8S rRNA, LSU-rRNA)"
"736","RRP46","nuclear-transcribed mRNA catabolic process"
"737","RRP46","rRNA processing"
"738","RRP46","rRNA catabolic process"
"739","RRP46","U4 snRNA 3'-end processing"
"740","RRP46","nuclear mRNA surveillance"
"741","RRP46","nuclear polyadenylation-dependent rRNA catabolic process"
"742","RRP46","TRAMP-dependent tRNA surveillance pathway"
"743","RRP46","nuclear polyadenylation-dependent mRNA catabolic process"
"744","RRP46","poly(A)-dependent snoRNA 3'-end processing"
"745","SPO11","meiotic DNA double-strand break processing"
"746","SPO11","DNA metabolic process"
"747","SPO11","meiosis I"
"748","SPO11","homologous chromosome pairing at meiosis"
"749","SPO11","synaptonemal complex assembly"
"750","SPO11","reciprocal meiotic recombination"
"751","SPO11","sexual reproduction"
"752","SPO11","sporulation resulting in formation of a cellular spore"
"753","SPO11","meiotic DNA double-strand break formation"
"754","SPO11","meiotic cell cycle"
"755","FKS3","(1->3)-beta-D-glucan biosynthetic process"
"756","FKS3","sporulation resulting in formation of a cellular spore"
"757","FKS3","ascospore wall assembly"
"758","FKS3","fungal-type cell wall polysaccharide biosynthetic process"
"759","FKS3","cell wall organization"
"760","KRE5","protein glycosylation"
"761","KRE5","protein N-linked glycosylation via asparagine"
"762","KRE5","ERAD pathway"
"763","KRE5","fungal-type cell wall beta-glucan biosynthetic process"
"764","KRE5","cell wall organization"
"765","KRE5","UDP-glucosylation"
"766","MET10","sulfate assimilation"
"767","MET10","hydrogen sulfide biosynthetic process"
"768","RCE1","proteolysis"
"769","RCE1","protein processing"
"770","RCE1","response to pheromone"
"771","RCE1","peptide mating pheromone maturation involved in positive regulation of conjugation with cellular fusion"
"772","RCE1","CAAX-box protein processing"
"773","RCE1","CAAX-box protein maturation"
"774","VTC4","polyphosphate metabolic process"
"775","VTC4","polyphosphate biosynthetic process"
"776","VTC4","vacuolar transport"
"777","VTC4","microautophagy"
"778","VTC4","vacuole fusion, non-autophagic"
"779","PLB2","glycerophospholipid metabolic process"
"780","PLB2","phospholipid catabolic process"
"781","PLB2","lipid catabolic process"
"782","PLB2","glycerophospholipid catabolic process"
"783","ATG2","autophagosome assembly"
"784","ATG2","autophagy of mitochondrion"
"785","ATG2","pexophagy"
"786","ATG2","lipid transport"
"787","ATG2","autophagy"
"788","ATG2","protein transport"
"789","ATG2","autophagy of peroxisome"
"790","ATG2","cytoplasm to vacuole targeting by the Cvt pathway"
"791","ATG2","piecemeal microautophagy of the nucleus"
"792","ATG2","nucleophagy"
"793","ATG2","reticulophagy"
"794","ATG2","glycophagy"
"795","ATG2","intermembrane lipid transfer"
"796","ERG27","steroid biosynthetic process"
"797","ERG27","ergosterol biosynthetic process"
"798","TAF8","transcription by RNA polymerase II"
"799","RTC2","amino acid transport"
"800","RTC2","basic amino acid transmembrane export from vacuole"
"801","CCW12","conjugation with cellular fusion"
"802","CCW12","agglutination involved in conjugation with cellular fusion"
"803","CCW12","fungal-type cell wall organization"
"804","CCW12","cell wall organization"
"805","DSE4","polysaccharide catabolic process"
"806","DSE4","septum digestion after cytokinesis"
"807","DSE4","cell wall organization"
"808","DDR48","DNA repair"
"809","ARO3","amino acid biosynthetic process"
"810","ARO3","aromatic amino acid family biosynthetic process"
"811","ARO3","chorismate biosynthetic process"
"812","GPB2","invasive growth in response to glucose limitation"
"813","GPB2","pseudohyphal growth"
"814","GPB2","signal transduction"
"815","GPB2","glucose mediated signaling pathway"
"816","GPB2","ascospore formation"
"817","GPB2","negative regulation of Ras protein signal transduction"
"818","KIN82","response to pheromone triggering conjugation with cellular fusion"
"819","KIN82","protein phosphorylation"
"820","KIN82","lipid transport"
"821","KIN82","phospholipid translocation"
"822","ROG1","lipid catabolic process"
"823","ROG1","cellular lipid metabolic process"
"824","ABP1","actin cortical patch assembly"
"825","ABP1","regulation of actin filament polymerization"
"826","ABP1","protein localization to actin cortical patch"
"827","ABP1","barbed-end actin filament capping"
"828","ABP1","positive regulation of Arp2/3 complex-mediated actin nucleation"
"829","ERB1","maturation of LSU-rRNA from tricistronic rRNA transcript (SSU-rRNA, 5.8S rRNA, LSU-rRNA)"
"830","ERB1","maturation of 5.8S rRNA from tricistronic rRNA transcript (SSU-rRNA, 5.8S rRNA, LSU-rRNA)"
"831","ERB1","rRNA processing"
"832","ERB1","ribosome biogenesis"
"833","ERB1","ribosomal large subunit biogenesis"
"834","YLR372W","fatty acid biosynthetic process"
"835","YLR372W","post-Golgi vesicle-mediated transport"
"836","YLR372W","lipid biosynthetic process"
"837","YLR372W","fatty acid elongation, saturated fatty acid"
"838","YLR372W","sphingolipid biosynthetic process"
"839","YLR372W","fatty acid elongation"
"840","YLR372W","late endosome to vacuole transport via multivesicular body sorting pathway"
"841","YLR372W","fatty acid elongation, monounsaturated fatty acid"
"842","YLR372W","fatty acid elongation, polyunsaturated fatty acid"
"843","YLR372W","very long-chain fatty acid biosynthetic process"
"844","YLR372W","cellular lipid metabolic process"
"845","CHC1","intracellular protein transport"
"846","CHC1","Golgi to endosome transport"
"847","CHC1","endocytosis"
"848","CHC1","receptor-mediated endocytosis"
"849","CHC1","vesicle-mediated transport"
"850","CHC1","cortical actin cytoskeleton organization"
"851","PKP1","protein phosphorylation"
"852","PKP1","regulation of glucose metabolic process"
"853","PKP1","protein-containing complex assembly"
"854","PKP1","regulation of mitophagy"
"855","TCO89","regulation of cell growth"
"856","TCO89","glycerol metabolic process"
"857","TCO89","response to salt stress"
"858","TCO89","fungal-type cell wall organization"
"859","TCO89","TOR signaling"
"860","ACC1","protein import into nucleus"
"861","ACC1","fatty acid biosynthetic process"
"862","ACC1","long-chain fatty acid biosynthetic process"
"863","ACC1","small molecule metabolic process"
"864","ACC1","malonyl-CoA biosynthetic process"
"865","SHP1","autophagosome assembly"
"866","SHP1","glycogen metabolic process"
"867","SHP1","Golgi organization"
"868","SHP1","ascospore formation"
"869","SHP1","sister chromatid biorientation"
"870","SHP1","nuclear membrane reassembly"
"871","SHP1","piecemeal microautophagy of the nucleus"
"872","SHP1","ERAD pathway"
"873","SHP1","proteasome-mediated ubiquitin-dependent protein catabolic process"
"874","SHP1","membrane fusion"
"875","NUG1","ribosomal large subunit export from nucleus"
"876","NUG1","maturation of LSU-rRNA from tricistronic rRNA transcript (SSU-rRNA, 5.8S rRNA, LSU-rRNA)"
"877","NUG1","protein transport"
"878","NUG1","ribosome biogenesis"
"879","EFR3","protein localization to plasma membrane"
"880","SSQ1","intracellular iron ion homeostasis"
"881","SSQ1","iron-sulfur cluster assembly"
"882","SSQ1","protein refolding"
"883","SSQ1","chaperone cofactor-dependent protein refolding"
"884","SSQ1","protein maturation by iron-sulfur cluster transfer"
"885","SSQ1","protein maturation by [2Fe-2S] cluster transfer"
"886","ILV2","amino acid biosynthetic process"
"887","ILV2","branched-chain amino acid biosynthetic process"
"888","ILV2","isoleucine biosynthetic process"
"889","ILV2","valine biosynthetic process"
"890","TOM1","protein polyubiquitination"
"891","TOM1","mitotic cell cycle"
"892","TOM1","endonucleolytic cleavage in ITS1 to separate SSU-rRNA from 5.8S rRNA and LSU-rRNA from tricistronic rRNA transcript (SSU-rRNA, 5.8S rRNA, LSU-rRNA)"
"893","TOM1","cleavage in ITS2 between 5.8S rRNA and LSU-rRNA of tricistronic rRNA transcript (SSU-rRNA, 5.8S rRNA, LSU-rRNA)"
"894","TOM1","endonucleolytic cleavage to generate mature 5'-end of SSU-rRNA from (SSU-rRNA, 5.8S rRNA, LSU-rRNA)"
"895","TOM1","endonucleolytic cleavage in 5'-ETS of tricistronic rRNA transcript (SSU-rRNA, 5.8S rRNA, LSU-rRNA)"
"896","TOM1","rRNA processing"
"897","TOM1","ubiquitin-dependent protein catabolic process"
"898","TOM1","nucleocytoplasmic transport"
"899","TOM1","nucleus organization"
"900","TOM1","regulation of cell size"
"901","TOM1","protein ubiquitination"
"902","TOM1","mRNA transport"
"903","KIN1","protein phosphorylation"
"904","KIN1","exocytosis"
"905","KIN1","positive regulation of exocytosis"
"906","KIN1","positive regulation of IRE1-mediated unfolded protein response"
"907","PPQ1","chromosome segregation"
"908","PPQ1","regulation of mitotic cell cycle"
"909","PPQ1","negative regulation of pheromone-dependent signal transduction involved in conjugation with cellular fusion"
"910","IST2","regulation of phosphatidylinositol dephosphorylation"
"911","IST2","protein localization to plasma membrane"
"912","IST2","endoplasmic reticulum membrane organization"
"913","IST2","chloride transmembrane transport"
"914","KTR3","cell wall mannoprotein biosynthetic process"
"915","KTR3","protein glycosylation"
"916","KTR3","protein N-linked glycosylation"
"917","KTR3","N-glycan processing"
"918","KTR3","protein O-linked glycosylation"
"919","KTR3","mannosylation"
"920","RRP5","endonucleolytic cleavage in ITS1 to separate SSU-rRNA from 5.8S rRNA and LSU-rRNA from tricistronic rRNA transcript (SSU-rRNA, 5.8S rRNA, LSU-rRNA)"
"921","RRP5","endonucleolytic cleavage in ITS1 upstream of 5.8S rRNA from tricistronic rRNA transcript (SSU-rRNA, 5.8S rRNA, LSU-rRNA)"
"922","RRP5","endonucleolytic cleavage to generate mature 5'-end of SSU-rRNA from (SSU-rRNA, 5.8S rRNA, LSU-rRNA)"
"923","RRP5","endonucleolytic cleavage in 5'-ETS of tricistronic rRNA transcript (SSU-rRNA, 5.8S rRNA, LSU-rRNA)"
"924","RRP5","rRNA processing"
"925","RRP5","RNA processing"
"926","RRP5","maturation of SSU-rRNA"
"927","RRP5","90S preribosome assembly"
"928","RRP5","ribosome biogenesis"
"929","CSM3","DNA replication checkpoint signaling"
"930","CSM3","DNA repair"
"931","CSM3","DNA damage response"
"932","CSM3","mitotic sister chromatid cohesion"
"933","CSM3","negative regulation of DNA replication"
"934","CSM3","replication fork processing"
"935","CSM3","establishment of mitotic sister chromatid cohesion"
"936","CSM3","replication fork arrest"
"937","CSM3","maintenance of DNA repeat elements"
"938","CSM3","meiotic chromosome segregation"
"939","CSM3","meiotic cell cycle"
"940","ALD5","polyamine catabolic process"
"941","ALD5","pantothenate biosynthetic process"
"942","ALD5","beta-alanine biosynthetic process"
"943","MPA43","carbohydrate metabolic process"
"944","MPA43","biological_process"
"945","MPA43","pentose metabolic process"
"946","MPA43","carbohydrate phosphorylation"
"947","TGL5","lipid metabolic process"
"948","TGL5","triglyceride metabolic process"
"949","TGL5","triglyceride mobilization"
"950","TGL5","lipid catabolic process"
"951","TGL5","sporulation resulting in formation of a cellular spore"
"952","RHO1","actin filament organization"
"953","RHO1","budding cell bud growth"
"954","RHO1","signal transduction"
"955","RHO1","small GTPase-mediated signal transduction"
"956","RHO1","regulation of cell size"
"957","RHO1","actin cytoskeleton organization"
"958","RHO1","cellular bud neck septin ring organization"
"959","RHO1","regulation of protein localization"
"960","RHO1","regulation of vacuole fusion, non-autophagic"
"961","RHO1","regulation of actin cytoskeleton organization"
"962","RHO1","positive regulation of endocytosis"
"963","RHO1","regulation of exocyst localization"
"964","RHO1","regulation of fungal-type cell wall organization"
"965","RHO1","positive regulation of protein kinase C signaling"
"966","RHO1","regulation of cell wall (1->3)-beta-D-glucan biosynthetic process"
"967","RHO1","regulation of secondary cell septum biogenesis"
"968","RHO1","positive regulation of mitotic actomyosin contractile ring assembly"
"969","SET2","transcription-coupled nucleotide-excision repair"
"970","SET2","chromatin remodeling"
"971","SET2","DNA-templated transcription termination"
"972","SET2","DNA-templated transcription elongation"
"973","SET2","regulation of DNA-templated transcription"
"974","SET2","sno(s)RNA transcription"
"975","SET2","regulation of DNA-templated DNA replication initiation"
"976","SET2","ascospore formation"
"977","SET2","methylation"
"978","SET2","negative regulation of reciprocal meiotic recombination"
"979","SET2","negative regulation of antisense RNA transcription"
"980","SMC2","mitotic sister chromatid segregation"
"981","SMC2","chromosome segregation"
"982","SMC2","mitotic chromosome condensation"
"983","SMC2","chromosome condensation"
"984","SMC2","chromosome organization"
"985","SMC2","cell division"
"986","SMC2","tRNA gene clustering"
"987","SMC2","rDNA chromatin condensation"
"988","SMC2","negative regulation of meiotic DNA double-strand break formation"
"989","FYV10","protein ubiquitination"
"990","FYV10","negative regulation of apoptotic process"
"991","FYV10","proteasome-mediated ubiquitin-dependent protein catabolic process"
"992","FYV10","negative regulation of gluconeogenesis"
"993","DBF20","mitotic cytokinesis"
"994","DBF20","division septum assembly"
"995","DBF20","exit from mitosis"
"996","DBF20","peptidyl-serine phosphorylation"
"997","DBF20","intracellular signal transduction"
"998","DBF20","regulation of mRNA catabolic process"
"999","HSP104","cellular response to heat"
"1000","HSP104","protein folding in endoplasmic reticulum"
"1001","HSP104","stress granule disassembly"
"1002","HSP104","protein refolding"
"1003","HSP104","protein unfolding"
"1004","HSP104","chaperone cofactor-dependent protein refolding"
"1005","HSP104","cellular heat acclimation"
"1006","HSP104","trehalose metabolism in response to heat stress"
"1007","PET127","mitochondrial RNA metabolic process"
"1008","PET127","mitochondrial RNA 5'-end processing"
"1009","KAR3","mitotic cell cycle"
"1010","KAR3","karyogamy"
"1011","KAR3","karyogamy involved in conjugation with cellular fusion"
"1012","KAR3","nuclear migration involved in conjugation with cellular fusion"
"1013","KAR3","microtubule-based movement"
"1014","KAR3","chromosome segregation"
"1015","KAR3","mitotic sister chromatid cohesion"
"1016","KAR3","cell division"
"1017","KAR3","meiotic cell cycle"
"1018","KAR3","regulation of mitotic spindle organization"
"1019","PBP2","telomere maintenance"
"1020","PBP2","regulation of gene expression"
"1021","PBP2","regulation of RNA metabolic process"
"1022","YHC1","spliceosomal snRNP assembly"
"1023","YHC1","mRNA 5'-splice site recognition"
"1024","YHC1","mRNA splicing, via spliceosome"
"1025","YHC1","positive regulation of RNA binding"
"1026","RSC1","double-strand break repair"
"1027","RSC1","double-strand break repair via nonhomologous end joining"
"1028","RSC1","chromatin organization"
"1029","RSC1","nucleosome disassembly"
"1030","RSC1","chromatin remodeling"
"1031","RSC1","transcription by RNA polymerase II"
"1032","RSC1","transcription elongation by RNA polymerase II"
"1033","RSC1","sporulation resulting in formation of a cellular spore"
"1034","PFK26","fructose metabolic process"
"1035","PFK26","fructose 2,6-bisphosphate metabolic process"
"1036","PFK26","carbohydrate phosphorylation"
"1037","RPS2","rRNA processing"
"1038","RPS2","ribosome biogenesis"
"1039","RPS2","positive regulation of translational fidelity"
"1040","DNF1","lipid transport"
"1041","DNF1","intracellular protein transport"
"1042","DNF1","endocytosis"
"1043","DNF1","establishment or maintenance of cell polarity"
"1044","DNF1","phospholipid transport"
"1045","DNF1","phospholipid translocation"
"1046","DNF1","ceramide translocation"
"1047","DNF1","aminophospholipid translocation"
"1048","RAD16","nucleotide-excision repair, DNA damage recognition"
"1049","RAD16","DNA repair"
"1050","RAD16","nucleotide-excision repair"
"1051","RAD16","chromatin remodeling"
"1052","RAD16","ubiquitin-dependent protein catabolic process"
"1053","RAD16","protein localization"
"1054","SNF7","vesicle budding from membrane"
"1055","SNF7","vacuolar transport"
"1056","SNF7","protein transport"
"1057","SNF7","late endosome to vacuole transport via multivesicular body sorting pathway"
"1058","SNF7","late endosome to vacuole transport"
"1059","SNF7","reticulophagy"
"1060","SNF7","intralumenal vesicle formation"
"1061","SNF7","ATP export"
"1062","SNF7","ESCRT III complex assembly"
"1063","GRR1","protein polyubiquitination"
"1064","GRR1","mitotic cell cycle G1 arrest in response to pheromone"
"1065","GRR1","glucose metabolic process"
"1066","GRR1","protein ubiquitination"
"1067","GRR1","SCF-dependent proteasomal ubiquitin-dependent protein catabolic process"
"1068","GRR1","cellular response to oxidative stress"
"1069","GRR1","cellular response to methylmercury"
"1070","MDL2","peptide transport"
"1071","MDL2","transmembrane transport"
"1072","MDL2","oligopeptide export from mitochondrion"
"1073","RMP1","nuclear-transcribed mRNA catabolic process, RNase MRP-dependent"
"1074","RMP1","maturation of 5.8S rRNA from tricistronic rRNA transcript (SSU-rRNA, 5.8S rRNA, LSU-rRNA)"
"1075","RMP1","rRNA processing"
"1076","UBX7","ubiquitin-dependent protein catabolic process"
"1077","UBX7","sporulation resulting in formation of a cellular spore"
"1078","UBX7","ERAD pathway"
"1079","NSR1","ribosomal small subunit assembly"
"1080","NSR1","DNA recombination"
"1081","NSR1","rRNA processing"
"1082","NSR1","chromosome organization"
"1083","MCK1","sporulation"
"1084","RIM21","sporulation"
"1085","RIM11","sporulation"
"1086","SPO77","sporulation"
"1087","ACT1","sporulation"
"1088","SPS100","sporulation"
"1089","RED1","sporulation"
"1090","LRG1","sporulation"
"1091","SPO20","sporulation"
"1092","SPO11","sporulation"
"1093","FKS3","sporulation"
"1094","GPB2","sporulation"
"1095","SHP1","sporulation"
"1096","TGL5","sporulation"
"1097","SET2","sporulation"
"1098","RSC1","sporulation"
"1099","UBX7","sporulation"
"1100","MCK1","regulation of biological process"
"1101","MDN1","regulation of biological process"
"1102","RIM21","regulation of biological process"
"1103","SAP4","regulation of biological process"
"1104","RIM11","regulation of biological process"
"1105","UME6","regulation of biological process"
"1106","SFP1","regulation of biological process"
"1107","SFH5","regulation of biological process"
"1108","ADR1","regulation of biological process"
"1109","PKC1","regulation of biological process"
"1110","VRP1","regulation of biological process"
"1111","SPT2","regulation of biological process"
"1112","SPO77","regulation of biological process"
"1113","HSL1","regulation of biological process"
"1114","NAB2","regulation of biological process"
"1115","AFT1","regulation of biological process"
"1116","MMS4","regulation of biological process"
"1117","BSD2","regulation of biological process"
"1118","APC2","regulation of biological process"
"1119","RRP6","regulation of biological process"
"1120","RED1","regulation of biological process"
"1121","SNT2","regulation of biological process"
"1122","DOA4","regulation of biological process"
"1123","TFG1","regulation of biological process"
"1124","PHO23","regulation of biological process"
"1125","BIR1","regulation of biological process"
"1126","PBS2","regulation of biological process"
"1127","RPT5","regulation of biological process"
"1128","CLN3","regulation of biological process"
"1129","SUB2","regulation of biological process"
"1130","BLM10","regulation of biological process"
"1131","RCO1","regulation of biological process"
"1132","YAP6","regulation of biological process"
"1133","SWT1","regulation of biological process"
"1134","SYG1","regulation of biological process"
"1135","LRG1","regulation of biological process"
"1136","HBT1","regulation of biological process"
"1137","CDC25","regulation of biological process"
"1138","ALY2","regulation of biological process"
"1139","EBS1","regulation of biological process"
"1140","PHR1","regulation of biological process"
"1141","SAK1","regulation of biological process"
"1142","PMA1","regulation of biological process"
"1143","BNI1","regulation of biological process"
"1144","TRL1","regulation of biological process"
"1145","VPS74","regulation of biological process"
"1146","STP3","regulation of biological process"
"1147","SSK2","regulation of biological process"
"1148","STE5","regulation of biological process"
"1149","PDR1","regulation of biological process"
"1150","NAM8","regulation of biological process"
"1151","HIR2","regulation of biological process"
"1152","GCD2","regulation of biological process"
"1153","MED6","regulation of biological process"
"1154","KSP1","regulation of biological process"
"1155","RCK2","regulation of biological process"
"1156","SMY2","regulation of biological process"
"1157","TUS1","regulation of biological process"
"1158","FZF1","regulation of biological process"
"1159","MET30","regulation of biological process"
"1160","NPL3","regulation of biological process"
"1161","GPB1","regulation of biological process"
"1162","RRP46","regulation of biological process"
"1163","GPB2","regulation of biological process"
"1164","ABP1","regulation of biological process"
"1165","PKP1","regulation of biological process"
"1166","TCO89","regulation of biological process"
"1167","PPQ1","regulation of biological process"
"1168","KIN1","regulation of biological process"
"1169","IST2","regulation of biological process"
"1170","CSM3","regulation of biological process"
"1171","RHO1","regulation of biological process"
"1172","SET2","regulation of biological process"
"1173","SMC2","regulation of biological process"
"1174","FYV10","regulation of biological process"
"1175","DBF20","regulation of biological process"
"1176","KAR3","regulation of biological process"
"1177","PBP2","regulation of biological process"
"1178","RPS2","regulation of biological process"
"1179","GRR1","regulation of biological process"
"1180","RMP1","regulation of biological process"
"1181","APC2","protein polyubiquitination"
"1182","MCK1","phosphorylation"
"1183","RIM11","phosphorylation"
"1184","PKC1","phosphorylation"
"1185","HSL1","phosphorylation"
"1186","RBK1","phosphorylation"
"1187","SAK1","phosphorylation"
"1188","PTK2","phosphorylation"
"1189","KSP1","phosphorylation"
"1190","KIN82","phosphorylation"
"1191","PKP1","phosphorylation"
"1192","KIN1","phosphorylation"
"1193","MPA43","phosphorylation"
"1194","DBF20","phosphorylation"
"1195","PFK26","phosphorylation"
"1196","BNI4","cytokinesis"
"1197","UTH1","cytokinesis"
"1198","PKC1","cytokinesis"
"1199","VRP1","cytokinesis"
"1200","ACT1","cytokinesis"
"1201","APC2","cytokinesis"
"1202","MYO2","cytokinesis"
"1203","CYK3","cytokinesis"
"1204","BNI1","cytokinesis"
"1205","RHO1","cytokinesis"
"1206","DBF20","cytokinesis"
"1207","MCK1","cellular response to stimulus"
"1208","MDN1","cellular response to stimulus"
"1209","RIM21","cellular response to stimulus"
"1210","SAP4","cellular response to stimulus"
"1211","RIM11","cellular response to stimulus"
"1212","UME6","cellular response to stimulus"
"1213","SFP1","cellular response to stimulus"
"1214","SFH5","cellular response to stimulus"
"1215","ADR1","cellular response to stimulus"
"1216","PKC1","cellular response to stimulus"
"1217","VRP1","cellular response to stimulus"
"1218","SPT2","cellular response to stimulus"
"1219","SPO77","cellular response to stimulus"
"1220","HSL1","cellular response to stimulus"
"1221","NAB2","cellular response to stimulus"
"1222","AFT1","cellular response to stimulus"
"1223","MMS4","cellular response to stimulus"
"1224","BSD2","cellular response to stimulus"
"1225","APC2","cellular response to stimulus"
"1226","RRP6","cellular response to stimulus"
"1227","RED1","cellular response to stimulus"
"1228","SNT2","cellular response to stimulus"
"1229","DOA4","cellular response to stimulus"
"1230","TFG1","cellular response to stimulus"
"1231","PHO23","cellular response to stimulus"
"1232","BIR1","cellular response to stimulus"
"1233","PBS2","cellular response to stimulus"
"1234","RPT5","cellular response to stimulus"
"1235","CLN3","cellular response to stimulus"
"1236","SUB2","cellular response to stimulus"
"1237","BLM10","cellular response to stimulus"
"1238","RCO1","cellular response to stimulus"
"1239","YAP6","cellular response to stimulus"
"1240","SWT1","cellular response to stimulus"
"1241","SYG1","cellular response to stimulus"
"1242","LRG1","cellular response to stimulus"
"1243","HBT1","cellular response to stimulus"
"1244","CDC25","cellular response to stimulus"
"1245","ALY2","cellular response to stimulus"
"1246","EBS1","cellular response to stimulus"
"1247","PHR1","cellular response to stimulus"
"1248","SAK1","cellular response to stimulus"
"1249","PMA1","cellular response to stimulus"
"1250","BNI1","cellular response to stimulus"
"1251","TRL1","cellular response to stimulus"
"1252","VPS74","cellular response to stimulus"
"1253","STP3","cellular response to stimulus"
"1254","SSK2","cellular response to stimulus"
"1255","STE5","cellular response to stimulus"
"1256","PDR1","cellular response to stimulus"
"1257","NAM8","cellular response to stimulus"
"1258","HIR2","cellular response to stimulus"
"1259","GCD2","cellular response to stimulus"
"1260","MED6","cellular response to stimulus"
"1261","KSP1","cellular response to stimulus"
"1262","RCK2","cellular response to stimulus"
"1263","SMY2","cellular response to stimulus"
"1264","TUS1","cellular response to stimulus"
"1265","FZF1","cellular response to stimulus"
"1266","MET30","cellular response to stimulus"
"1267","NPL3","cellular response to stimulus"
"1268","GPB1","cellular response to stimulus"
"1269","RRP46","cellular response to stimulus"
"1270","GPB2","cellular response to stimulus"
"1271","ABP1","cellular response to stimulus"
"1272","PKP1","cellular response to stimulus"
"1273","TCO89","cellular response to stimulus"
"1274","PPQ1","cellular response to stimulus"
"1275","KIN1","cellular response to stimulus"
"1276","IST2","cellular response to stimulus"
"1277","CSM3","cellular response to stimulus"
"1278","RHO1","cellular response to stimulus"
"1279","SET2","cellular response to stimulus"
"1280","SMC2","cellular response to stimulus"
"1281","FYV10","cellular response to stimulus"
"1282","DBF20","cellular response to stimulus"
"1283","KAR3","cellular response to stimulus"
"1284","PBP2","cellular response to stimulus"
"1285","RPS2","cellular response to stimulus"
"1286","GRR1","cellular response to stimulus"
"1287","RMP1","cellular response to stimulus"
"1288","MCK1","cellular component organization"
"1289","MDN1","cellular component organization"
"1290","RIM21","cellular component organization"
"1291","SAP4","cellular component organization"
"1292","RIM11","cellular component organization"
"1293","UME6","cellular component organization"
"1294","SFP1","cellular component organization"
"1295","SFH5","cellular component organization"
"1296","ADR1","cellular component organization"
"1297","PKC1","cellular component organization"
"1298","VRP1","cellular component organization"
"1299","SPT2","cellular component organization"
"1300","SPO77","cellular component organization"
"1301","HSL1","cellular component organization"
"1302","NAB2","cellular component organization"
"1303","AFT1","cellular component organization"
"1304","MMS4","cellular component organization"
"1305","BSD2","cellular component organization"
"1306","APC2","cellular component organization"
"1307","RRP6","cellular component organization"
"1308","RED1","cellular component organization"
"1309","SNT2","cellular component organization"
"1310","DOA4","cellular component organization"
"1311","TFG1","cellular component organization"
"1312","PHO23","cellular component organization"
"1313","BIR1","cellular component organization"
"1314","PBS2","cellular component organization"
"1315","RPT5","cellular component organization"
"1316","CLN3","cellular component organization"
"1317","SUB2","cellular component organization"
"1318","BLM10","cellular component organization"
"1319","RCO1","cellular component organization"
"1320","YAP6","cellular component organization"
"1321","SWT1","cellular component organization"
"1322","SYG1","cellular component organization"
"1323","LRG1","cellular component organization"
"1324","HBT1","cellular component organization"
"1325","CDC25","cellular component organization"
"1326","ALY2","cellular component organization"
"1327","EBS1","cellular component organization"
"1328","PHR1","cellular component organization"
"1329","SAK1","cellular component organization"
"1330","PMA1","cellular component organization"
"1331","BNI1","cellular component organization"
"1332","TRL1","cellular component organization"
"1333","VPS74","cellular component organization"
"1334","STP3","cellular component organization"
"1335","SSK2","cellular component organization"
"1336","STE5","cellular component organization"
"1337","PDR1","cellular component organization"
"1338","NAM8","cellular component organization"
"1339","HIR2","cellular component organization"
"1340","GCD2","cellular component organization"
"1341","MED6","cellular component organization"
"1342","KSP1","cellular component organization"
"1343","RCK2","cellular component organization"
"1344","SMY2","cellular component organization"
"1345","TUS1","cellular component organization"
"1346","FZF1","cellular component organization"
"1347","MET30","cellular component organization"
"1348","NPL3","cellular component organization"
"1349","GPB1","cellular component organization"
"1350","RRP46","cellular component organization"
"1351","GPB2","cellular component organization"
"1352","ABP1","cellular component organization"
"1353","PKP1","cellular component organization"
"1354","TCO89","cellular component organization"
"1355","PPQ1","cellular component organization"
"1356","KIN1","cellular component organization"
"1357","IST2","cellular component organization"
"1358","CSM3","cellular component organization"
"1359","RHO1","cellular component organization"
"1360","SET2","cellular component organization"
"1361","SMC2","cellular component organization"
"1362","FYV10","cellular component organization"
"1363","DBF20","cellular component organization"
"1364","KAR3","cellular component organization"
"1365","PBP2","cellular component organization"
"1366","RPS2","cellular component organization"
"1367","GRR1","cellular component organization"
"1368","RMP1","cellular component organization"
"1369","MCK1","biological regulation"
"1370","MDN1","biological regulation"
"1371","RIM21","biological regulation"
"1372","SAP4","biological regulation"
"1373","RIM11","biological regulation"
"1374","UME6","biological regulation"
"1375","SFP1","biological regulation"
"1376","SFH5","biological regulation"
"1377","ADR1","biological regulation"
"1378","PKC1","biological regulation"
"1379","VRP1","biological regulation"
"1380","SPT2","biological regulation"
"1381","TRK2","biological regulation"
"1382","RPS2","biological regulation"
"1383","SPO77","biological regulation"
"1384","HSL1","biological regulation"
"1385","NAB2","biological regulation"
"1386","AFT1","biological regulation"
"1387","MMS4","biological regulation"
"1388","BSD2","biological regulation"
"1389","APC2","biological regulation"
"1390","RRP6","biological regulation"
"1391","RED1","biological regulation"
"1392","SNT2","biological regulation"
"1393","DOA4","biological regulation"
"1394","TFG1","biological regulation"
"1395","PHO23","biological regulation"
"1396","BIR1","biological regulation"
"1397","PBS2","biological regulation"
"1398","RPT5","biological regulation"
"1399","CLN3","biological regulation"
"1400","SUB2","biological regulation"
"1401","BLM10","biological regulation"
"1402","RCO1","biological regulation"
"1403","YAP6","biological regulation"
"1404","SWT1","biological regulation"
"1405","SYG1","biological regulation"
"1406","LRG1","biological regulation"
"1407","HBT1","biological regulation"
"1408","CDC25","biological regulation"
"1409","ALY2","biological regulation"
"1410","EBS1","biological regulation"
"1411","PHR1","biological regulation"
"1412","SAK1","biological regulation"
"1413","PMA1","biological regulation"
"1414","BNI1","biological regulation"
"1415","TRL1","biological regulation"
"1416","VPS74","biological regulation"
"1417","STP3","biological regulation"
"1418","SSK2","biological regulation"
"1419","STE5","biological regulation"
"1420","PDR1","biological regulation"
"1421","NAM8","biological regulation"
"1422","HIR2","biological regulation"
"1423","GCD2","biological regulation"
"1424","MED6","biological regulation"
"1425","PTK2","biological regulation"
"1426","KSP1","biological regulation"
"1427","RCK2","biological regulation"
"1428","SMY2","biological regulation"
"1429","TUS1","biological regulation"
"1430","FZF1","biological regulation"
"1431","MET30","biological regulation"
"1432","NPL3","biological regulation"
"1433","GPB1","biological regulation"
"1434","RRP46","biological regulation"
"1435","GPB2","biological regulation"
"1436","KIN82","biological regulation"
"1437","ABP1","biological regulation"
"1438","PKP1","biological regulation"
"1439","TCO89","biological regulation"
"1440","TOM1","biological regulation"
"1441","PPQ1","biological regulation"
"1442","KIN1","biological regulation"
"1443","IST2","biological regulation"
"1444","CSM3","biological regulation"
"1445","RHO1","biological regulation"
"1446","SET2","biological regulation"
"1447","SMC2","biological regulation"
"1448","FYV10","biological regulation"
"1449","DBF20","biological regulation"
"1450","KAR3","biological regulation"
"1451","PBP2","biological regulation"
"1452","YHC1","biological regulation"
"1453","DNF1","biological regulation"
"1454","GRR1","biological regulation"
"1455","RMP1","biological regulation"
"1456","MCK1","regulation of cellular process"
"1457","MDN1","regulation of cellular process"
"1458","RIM21","regulation of cellular process"
"1459","SAP4","regulation of cellular process"
"1460","RIM11","regulation of cellular process"
"1461","UME6","regulation of cellular process"
"1462","SFP1","regulation of cellular process"
"1463","SFH5","regulation of cellular process"
"1464","ADR1","regulation of cellular process"
"1465","PKC1","regulation of cellular process"
"1466","VRP1","regulation of cellular process"
"1467","SPT2","regulation of cellular process"
"1468","SPO77","regulation of cellular process"
"1469","HSL1","regulation of cellular process"
"1470","NAB2","regulation of cellular process"
"1471","AFT1","regulation of cellular process"
"1472","MMS4","regulation of cellular process"
"1473","APC2","regulation of cellular process"
"1474","RRP6","regulation of cellular process"
"1475","RED1","regulation of cellular process"
"1476","SNT2","regulation of cellular process"
"1477","TFG1","regulation of cellular process"
"1478","PHO23","regulation of cellular process"
"1479","BIR1","regulation of cellular process"
"1480","PBS2","regulation of cellular process"
"1481","RPT5","regulation of cellular process"
"1482","CLN3","regulation of cellular process"
"1483","SUB2","regulation of cellular process"
"1484","RCO1","regulation of cellular process"
"1485","YAP6","regulation of cellular process"
"1486","SWT1","regulation of cellular process"
"1487","SYG1","regulation of cellular process"
"1488","LRG1","regulation of cellular process"
"1489","CDC25","regulation of cellular process"
"1490","ALY2","regulation of cellular process"
"1491","EBS1","regulation of cellular process"
"1492","PHR1","regulation of cellular process"
"1493","SAK1","regulation of cellular process"
"1494","PMA1","regulation of cellular process"
"1495","BNI1","regulation of cellular process"
"1496","TRL1","regulation of cellular process"
"1497","VPS74","regulation of cellular process"
"1498","STP3","regulation of cellular process"
"1499","SSK2","regulation of cellular process"
"1500","STE5","regulation of cellular process"
"1501","PDR1","regulation of cellular process"
"1502","NAM8","regulation of cellular process"
"1503","HIR2","regulation of cellular process"
"1504","GCD2","regulation of cellular process"
"1505","MED6","regulation of cellular process"
"1506","KSP1","regulation of cellular process"
"1507","RCK2","regulation of cellular process"
"1508","SMY2","regulation of cellular process"
"1509","TUS1","regulation of cellular process"
"1510","FZF1","regulation of cellular process"
"1511","MET30","regulation of cellular process"
"1512","NPL3","regulation of cellular process"
"1513","GPB1","regulation of cellular process"
"1514","RRP46","regulation of cellular process"
"1515","GPB2","regulation of cellular process"
"1516","ABP1","regulation of cellular process"
"1517","PKP1","regulation of cellular process"
"1518","TCO89","regulation of cellular process"
"1519","PPQ1","regulation of cellular process"
"1520","KIN1","regulation of cellular process"
"1521","IST2","regulation of cellular process"
"1522","CSM3","regulation of cellular process"
"1523","RHO1","regulation of cellular process"
"1524","SET2","regulation of cellular process"
"1525","SMC2","regulation of cellular process"
"1526","FYV10","regulation of cellular process"
"1527","DBF20","regulation of cellular process"
"1528","KAR3","regulation of cellular process"
"1529","PBP2","regulation of cellular process"
"1530","RPS2","regulation of cellular process"
"1531","GRR1","regulation of cellular process"
"1532","RMP1","regulation of cellular process"
"1533","MCK1","cellular component organization or biogenesis"
"1534","BNI4","cellular component organization or biogenesis"
"1535","MDN1","cellular component organization or biogenesis"
"1536","RIM21","cellular component organization or biogenesis"
"1537","UTH1","cellular component organization or biogenesis"
"1538","HHF2","cellular component organization or biogenesis"
"1539","UBC1","cellular component organization or biogenesis"
"1540","RSE1","cellular component organization or biogenesis"
"1541","UME6","cellular component organization or biogenesis"
"1542","SFP1","cellular component organization or biogenesis"
"1543","SBE2","cellular component organization or biogenesis"
"1544","SFH5","cellular component organization or biogenesis"
"1545","ADR1","cellular component organization or biogenesis"
"1546","PKC1","cellular component organization or biogenesis"
"1547","URB1","cellular component organization or biogenesis"
"1548","SPT2","cellular component organization or biogenesis"
"1549","RPS2","cellular component organization or biogenesis"
"1550","SPO77","cellular component organization or biogenesis"
"1551","SIW14","cellular component organization or biogenesis"
"1552","AFT1","cellular component organization or biogenesis"
"1553","ACT1","cellular component organization or biogenesis"
"1554","MMS4","cellular component organization or biogenesis"
"1555","APC2","cellular component organization or biogenesis"
"1556","RRP6","cellular component organization or biogenesis"
"1557","SPS100","cellular component organization or biogenesis"
"1558","MSC6","cellular component organization or biogenesis"
"1559","RED1","cellular component organization or biogenesis"
"1560","YRB2","cellular component organization or biogenesis"
"1561","DOA4","cellular component organization or biogenesis"
"1562","MYO2","cellular component organization or biogenesis"
"1563","COG1","cellular component organization or biogenesis"
"1564","VTC1","cellular component organization or biogenesis"
"1565","HUL5","cellular component organization or biogenesis"
"1566","PHO23","cellular component organization or biogenesis"
"1567","BIR1","cellular component organization or biogenesis"
"1568","PBS2","cellular component organization or biogenesis"
"1569","RPT5","cellular component organization or biogenesis"
"1570","CLN3","cellular component organization or biogenesis"
"1571","SUB2","cellular component organization or biogenesis"
"1572","BLM10","cellular component organization or biogenesis"
"1573","RCO1","cellular component organization or biogenesis"
"1574","INP2","cellular component organization or biogenesis"
"1575","LRG1","cellular component organization or biogenesis"
"1576","MAM3","cellular component organization or biogenesis"
"1577","CYK3","cellular component organization or biogenesis"
"1578","PMA1","cellular component organization or biogenesis"
"1579","BNI1","cellular component organization or biogenesis"
"1580","VPS74","cellular component organization or biogenesis"
"1581","PRP2","cellular component organization or biogenesis"
"1582","MSS2","cellular component organization or biogenesis"
"1583","ECM14","cellular component organization or biogenesis"
"1584","NAM8","cellular component organization or biogenesis"
"1585","HIR2","cellular component organization or biogenesis"
"1586","MED6","cellular component organization or biogenesis"
"1587","PTK2","cellular component organization or biogenesis"
"1588","BUL1","cellular component organization or biogenesis"
"1589","CYT2","cellular component organization or biogenesis"
"1590","PEP12","cellular component organization or biogenesis"
"1591","ULS1","cellular component organization or biogenesis"
"1592","PRP8","cellular component organization or biogenesis"
"1593","SMY2","cellular component organization or biogenesis"
"1594","TUS1","cellular component organization or biogenesis"
"1595","SPO20","cellular component organization or biogenesis"
"1596","ISU1","cellular component organization or biogenesis"
"1597","IOC4","cellular component organization or biogenesis"
"1598","NPL3","cellular component organization or biogenesis"
"1599","RPS15","cellular component organization or biogenesis"
"1600","RRP46","cellular component organization or biogenesis"
"1601","SPO11","cellular component organization or biogenesis"
"1602","KRE5","cellular component organization or biogenesis"
"1603","FKS3","cellular component organization or biogenesis"
"1604","VTC4","cellular component organization or biogenesis"
"1605","ATG2","cellular component organization or biogenesis"
"1606","CCW12","cellular component organization or biogenesis"
"1607","DSE4","cellular component organization or biogenesis"
"1608","KIN82","cellular component organization or biogenesis"
"1609","ABP1","cellular component organization or biogenesis"
"1610","ERB1","cellular component organization or biogenesis"
"1611","CHC1","cellular component organization or biogenesis"
"1612","PKP1","cellular component organization or biogenesis"
"1613","TCO89","cellular component organization or biogenesis"
"1614","SHP1","cellular component organization or biogenesis"
"1615","NUG1","cellular component organization or biogenesis"
"1616","SSQ1","cellular component organization or biogenesis"
"1617","TOM1","cellular component organization or biogenesis"
"1618","RRP5","cellular component organization or biogenesis"
"1619","IST2","cellular component organization or biogenesis"
"1620","CSM3","cellular component organization or biogenesis"
"1621","SET2","cellular component organization or biogenesis"
"1622","RHO1","cellular component organization or biogenesis"
"1623","SMC2","cellular component organization or biogenesis"
"1624","DBF20","cellular component organization or biogenesis"
"1625","HSP104","cellular component organization or biogenesis"
"1626","PBP2","cellular component organization or biogenesis"
"1627","KAR3","cellular component organization or biogenesis"
"1628","YHC1","cellular component organization or biogenesis"
"1629","RSC1","cellular component organization or biogenesis"
"1630","DNF1","cellular component organization or biogenesis"
"1631","SNF7","cellular component organization or biogenesis"
"1632","RAD16","cellular component organization or biogenesis"
"1633","RMP1","cellular component organization or biogenesis"
"1634","NSR1","cellular component organization or biogenesis"
"1635","MCK1","developmental process"
"1636","RIM21","developmental process"
"1637","RIM11","developmental process"
"1638","UME6","developmental process"
"1639","SPO77","developmental process"
"1640","ACT1","developmental process"
"1641","HO","developmental process"
"1642","SPS100","developmental process"
"1643","RED1","developmental process"
"1644","LRG1","developmental process"
"1645","HBT1","developmental process"
"1646","ULS1","developmental process"
"1647","SPO20","developmental process"
"1648","SPO11","developmental process"
"1649","FKS3","developmental process"
"1650","GPB2","developmental process"
"1651","SHP1","developmental process"
"1652","TGL5","developmental process"
"1653","SET2","developmental process"
"1654","RSC1","developmental process"
"1655","UBX7","developmental process"
"1656","MCK1","response to stimulus"
"1657","RIM21","response to stimulus"
"1658","UBC1","response to stimulus"
"1659","TFB1","response to stimulus"
"1660","RIM11","response to stimulus"
"1661","UME6","response to stimulus"
"1662","ADR1","response to stimulus"
"1663","PKC1","response to stimulus"
"1664","HSL1","response to stimulus"
"1665","AFT1","response to stimulus"
"1666","ACT1","response to stimulus"
"1667","MMS4","response to stimulus"
"1668","FSF1","response to stimulus"
"1669","TPS3","response to stimulus"
"1670","RED1","response to stimulus"
"1671","PDR10","response to stimulus"
"1672","SNT2","response to stimulus"
"1673","POL3","response to stimulus"
"1674","HUL5","response to stimulus"
"1675","PHO23","response to stimulus"
"1676","BIR1","response to stimulus"
"1677","PBS2","response to stimulus"
"1678","SUB2","response to stimulus"
"1679","BLM10","response to stimulus"
"1680","SYG1","response to stimulus"
"1681","LRG1","response to stimulus"
"1682","CDC25","response to stimulus"
"1683","ALY2","response to stimulus"
"1684","PHO81","response to stimulus"
"1685","PHR1","response to stimulus"
"1686","SAK1","response to stimulus"
"1687","BNI1","response to stimulus"
"1688","TRL1","response to stimulus"
"1689","VPS74","response to stimulus"
"1690","SSK2","response to stimulus"
"1691","STE5","response to stimulus"
"1692","PDR1","response to stimulus"
"1693","BUL1","response to stimulus"
"1694","PRI2","response to stimulus"
"1695","KSP1","response to stimulus"
"1696","ULS1","response to stimulus"
"1697","RCK2","response to stimulus"
"1698","UBR2","response to stimulus"
"1699","SMY2","response to stimulus"
"1700","TUS1","response to stimulus"
"1701","FZF1","response to stimulus"
"1702","MET30","response to stimulus"
"1703","GPB1","response to stimulus"
"1704","SPO11","response to stimulus"
"1705","KRE5","response to stimulus"
"1706","RCE1","response to stimulus"
"1707","CCW12","response to stimulus"
"1708","DDR48","response to stimulus"
"1709","GPB2","response to stimulus"
"1710","KIN82","response to stimulus"
"1711","TCO89","response to stimulus"
"1712","SHP1","response to stimulus"
"1713","CSM3","response to stimulus"
"1714","RHO1","response to stimulus"
"1715","SET2","response to stimulus"
"1716","DBF20","response to stimulus"
"1717","HSP104","response to stimulus"
"1718","RSC1","response to stimulus"
"1719","RAD16","response to stimulus"
"1720","UBX7","response to stimulus"
"1721","GRR1","response to stimulus"
"1722","MCK1","anatomical structure morphogenesis"
"1723","RIM21","anatomical structure morphogenesis"
"1724","RIM11","anatomical structure morphogenesis"
"1725","SPO77","anatomical structure morphogenesis"
"1726","ACT1","anatomical structure morphogenesis"
"1727","SPS100","anatomical structure morphogenesis"
"1728","RED1","anatomical structure morphogenesis"
"1729","LRG1","anatomical structure morphogenesis"
"1730","HBT1","anatomical structure morphogenesis"
"1731","SPO20","anatomical structure morphogenesis"
"1732","SPO11","anatomical structure morphogenesis"
"1733","FKS3","anatomical structure morphogenesis"
"1734","GPB2","anatomical structure morphogenesis"
"1735","SHP1","anatomical structure morphogenesis"
"1736","TGL5","anatomical structure morphogenesis"
"1737","SET2","anatomical structure morphogenesis"
"1738","RSC1","anatomical structure morphogenesis"
"1739","UBX7","anatomical structure morphogenesis"
"1740","MCK1","anatomical structure formation involved in morphogenesis"
"1741","RIM21","anatomical structure formation involved in morphogenesis"
"1742","RIM11","anatomical structure formation involved in morphogenesis"
"1743","SPO77","anatomical structure formation involved in morphogenesis"
"1744","ACT1","anatomical structure formation involved in morphogenesis"
"1745","SPS100","anatomical structure formation involved in morphogenesis"
"1746","RED1","anatomical structure formation involved in morphogenesis"
"1747","LRG1","anatomical structure formation involved in morphogenesis"
"1748","SPO20","anatomical structure formation involved in morphogenesis"
"1749","SPO11","anatomical structure formation involved in morphogenesis"
"1750","FKS3","anatomical structure formation involved in morphogenesis"
"1751","GPB2","anatomical structure formation involved in morphogenesis"
"1752","SHP1","anatomical structure formation involved in morphogenesis"
"1753","TGL5","anatomical structure formation involved in morphogenesis"
"1754","SET2","anatomical structure formation involved in morphogenesis"
"1755","RSC1","anatomical structure formation involved in morphogenesis"
"1756","UBX7","anatomical structure formation involved in morphogenesis"
"1757","MCK1","cellular process"
"1758","BNI4","cellular process"
"1759","MDN1","cellular process"
"1760","YEF1","cellular process"
"1761","PHO84","cellular process"
"1762","RIM21","cellular process"
"1763","UTH1","cellular process"
"1764","HHF2","cellular process"
"1765","SAP4","cellular process"
"1766","UBC1","cellular process"
"1767","RSE1","cellular process"
"1768","AGP1","cellular process"
"1769","ALD5","cellular process"
"1770","TFB1","cellular process"
"1771","RIM11","cellular process"
"1772","UME6","cellular process"
"1773","SFP1","cellular process"
"1774","SBE2","cellular process"
"1775","SFH5","cellular process"
"1776","ADR1","cellular process"
"1777","URB1","cellular process"
"1778","PKC1","cellular process"
"1779","COQ1","cellular process"
"1780","BNA6","cellular process"
"1781","VRP1","cellular process"
"1782","RPS2","cellular process"
"1783","SPT2","cellular process"
"1784","TRK2","cellular process"
"1785","SPO77","cellular process"
"1786","SIW14","cellular process"
"1787","HSL1","cellular process"
"1788","NAB2","cellular process"
"1789","AFT1","cellular process"
"1790","MAS2","cellular process"
"1791","FCY2","cellular process"
"1792","RBK1","cellular process"
"1793","ACT1","cellular process"
"1794","MMS4","cellular process"
"1795","FSF1","cellular process"
"1796","BSD2","cellular process"
"1797","HO","cellular process"
"1798","UGA4","cellular process"
"1799","TPS3","cellular process"
"1800","APC2","cellular process"
"1801","RRP6","cellular process"
"1802","LOS1","cellular process"
"1803","SPS100","cellular process"
"1804","MSC6","cellular process"
"1805","DUS4","cellular process"
"1806","APL5","cellular process"
"1807","RED1","cellular process"
"1808","MCT1","cellular process"
"1809","ADE6","cellular process"
"1810","YRB2","cellular process"
"1811","PDR10","cellular process"
"1812","SNT2","cellular process"
"1813","DOA4","cellular process"
"1814","YOR1","cellular process"
"1815","ERG1","cellular process"
"1816","POL3","cellular process"
"1817","MYO2","cellular process"
"1818","TFG1","cellular process"
"1819","COG1","cellular process"
"1820","VTC1","cellular process"
"1821","HXT13","cellular process"
"1822","HUL5","cellular process"
"1823","PHO23","cellular process"
"1824","PBS2","cellular process"
"1825","BIR1","cellular process"
"1826","SMF1","cellular process"
"1827","RPT5","cellular process"
"1828","CLN3","cellular process"
"1829","SUB2","cellular process"
"1830","VCX1","cellular process"
"1831","BLM10","cellular process"
"1832","NFT1","cellular process"
"1833","RCO1","cellular process"
"1834","SYG1","cellular process"
"1835","INP2","cellular process"
"1836","LRG1","cellular process"
"1837","CDC25","cellular process"
"1838","ALY2","cellular process"
"1839","MAM3","cellular process"
"1840","FIG4","cellular process"
"1841","PHO81","cellular process"
"1842","CYK3","cellular process"
"1843","HIS4","cellular process"
"1844","PHR1","cellular process"
"1845","SAK1","cellular process"
"1846","PMA1","cellular process"
"1847","BNI1","cellular process"
"1848","TRL1","cellular process"
"1849","VPS74","cellular process"
"1850","PRP2","cellular process"
"1851","MSS2","cellular process"
"1852","SSK2","cellular process"
"1853","ECM14","cellular process"
"1854","VPS63","cellular process"
"1855","STE5","cellular process"
"1856","PDR1","cellular process"
"1857","YCT1","cellular process"
"1858","NAM8","cellular process"
"1859","PHM7","cellular process"
"1860","PYK2","cellular process"
"1861","HIR2","cellular process"
"1862","ASN1","cellular process"
"1863","GCD2","cellular process"
"1864","MED6","cellular process"
"1865","PRI2","cellular process"
"1866","PTK2","cellular process"
"1867","BUL1","cellular process"
"1868","CYT2","cellular process"
"1869","IDH1","cellular process"
"1870","PEP12","cellular process"
"1871","KSP1","cellular process"
"1872","IDP1","cellular process"
"1873","ULS1","cellular process"
"1874","MLS1","cellular process"
"1875","RCK2","cellular process"
"1876","UBR2","cellular process"
"1877","PRP8","cellular process"
"1878","SMY2","cellular process"
"1879","FET4","cellular process"
"1880","TUS1","cellular process"
"1881","ERG9","cellular process"
"1882","FZF1","cellular process"
"1883","SPO20","cellular process"
"1884","ISU1","cellular process"
"1885","NPL3","cellular process"
"1886","IOC4","cellular process"
"1887","MET30","cellular process"
"1888","GPB1","cellular process"
"1889","RPS15","cellular process"
"1890","ABP140","cellular process"
"1891","PDX1","cellular process"
"1892","RRP46","cellular process"
"1893","SPO11","cellular process"
"1894","KRE5","cellular process"
"1895","FKS3","cellular process"
"1896","VTC4","cellular process"
"1897","MET10","cellular process"
"1898","RCE1","cellular process"
"1899","PLB2","cellular process"
"1900","ERG27","cellular process"
"1901","ATG2","cellular process"
"1902","TAF8","cellular process"
"1903","RTC2","cellular process"
"1904","CCW12","cellular process"
"1905","DSE4","cellular process"
"1906","DDR48","cellular process"
"1907","ROG1","cellular process"
"1908","GPB2","cellular process"
"1909","ARO3","cellular process"
"1910","KIN82","cellular process"
"1911","ABP1","cellular process"
"1912","YLR372W","cellular process"
"1913","ERB1","cellular process"
"1914","PKP1","cellular process"
"1915","CHC1","cellular process"
"1916","TCO89","cellular process"
"1917","ACC1","cellular process"
"1918","SHP1","cellular process"
"1919","NUG1","cellular process"
"1920","EFR3","cellular process"
"1921","SSQ1","cellular process"
"1922","ILV2","cellular process"
"1923","TOM1","cellular process"
"1924","PPQ1","cellular process"
"1925","KIN1","cellular process"
"1926","KTR3","cellular process"
"1927","RRP5","cellular process"
"1928","IST2","cellular process"
"1929","CSM3","cellular process"
"1930","MPA43","cellular process"
"1931","TGL5","cellular process"
"1932","RHO1","cellular process"
"1933","SET2","cellular process"
"1934","SMC2","cellular process"
"1935","DBF20","cellular process"
"1936","HSP104","cellular process"
"1937","PET127","cellular process"
"1938","PBP2","cellular process"
"1939","KAR3","cellular process"
"1940","YHC1","cellular process"
"1941","RSC1","cellular process"
"1942","PFK26","cellular process"
"1943","RAD16","cellular process"
"1944","DNF1","cellular process"
"1945","SNF7","cellular process"
"1946","RMP1","cellular process"
"1947","MDL2","cellular process"
"1948","UBX7","cellular process"
"1949","GRR1","cellular process"
"1950","NSR1","cellular process"
"1951","BNI4","cytokinetic process"
"1952","UTH1","cytokinetic process"
"1953","PKC1","cytokinetic process"
"1954","ACT1","cytokinetic process"
"1955","APC2","cytokinetic process"
"1956","MYO2","cytokinetic process"
"1957","CYK3","cytokinetic process"
"1958","BNI1","cytokinetic process"
"1959","RHO1","cytokinetic process"
"1960","DBF20","cytokinetic process"
